team,player_name
ATL,Robert Suarez
ATL,Raisel Iglesias
ATL,Didier Fuentes
ATL,Dylan Dodd
ATL,Dylan Lee
ATL,Brent Suter
ATL,AJ Smith-Shawver
BOS,Garrett Whitlock
BOS,Justin Slaten
BOS,Aroldis Chapman
BOS,Erik Miller
BOS,Brayan Bello
BOS,Greg Weissert
BOS,Jovani Morán
CHC,Tyler Ferguson
CHC,Caleb Thielbar
CHC,Clay Holmes
CHC,Ryan Zeferjahn
CHC,Daniel Palencia
CHC,Ryan Rolison
CHC,Jacob Webb
CHW,David Sandlin
CHW,Hagen Smith
CHW,Grant Taylor
CHW,Bryan Hudson
CHW,Jordan Hicks
CHW,Sean Newcomb
CHW,Noah Schultz
CLE,Cade Smith
CLE,Tim Herrin
CLE,Hunter Gaddis
CLE,Foster Griffin
CLE,Erik Sabrowski
CLE,Daniel Espino
CLE,Slade Cecconi
HOU,Josh Hader
HOU,Bryan Abreu
HOU,Steven Okert
HOU,Tatsuya Imai
HOU,Bennett Sousa
HOU,AJ Blubaugh
HOU,Ronel Blanco
LAD,Emmet Sheehan
LAD,Tanner Scott
LAD,Evan Phillips
LAD,Roki Sasaki
LAD,Jack Dreyer
LAD,Alex Vesia
LAD,Edgardo Henriquez
MIL,Trevor Megill
MIL,Abner Uribe
MIL,Robert Gasser
MIL,Aaron Ashby
MIL,Shane Drohan
MIL,JoJo Romero
MIL,Chad Patrick
NYY,David Bednar
NYY,Brent Headrick
NYY,Will Warren
NYY,Ryan Weathers
NYY,Paul Blackburn
NYY,Tim Hill
NYY,Ryan Yarbrough
PHI,Andrew Painter
PHI,Jhoan Duran
PHI,Jonathan Bowlan
PHI,Tim Mayza
PHI,José Alvarado
PHI,Alex McFarlane
PHI,Chase Shugart
SDP,Mason Miller
SDP,Adrian Morejon
SDP,Jason Adam
SDP,Bradgley Rodriguez
SDP,Walker Buehler
SDP,Wandy Peralta
SDP,Griffin Canning
TBR,Bryan Baker
TBR,Kevin Kelly
TBR,Griffin Jax
TBR,Cam Booser
TBR,Garrett Cleavinger
TBR,Tyler Wells
TBR,Cole Sulser
