team,player_name,rounds
BOS,Adley Rutschman,"DS,CS,WS"
BOS,Willson Contreras,"DS,CS,WS"
BOS,Nick Sogard,"DS,CS,WS"
BOS,Caleb Durbin,"DS,CS,WS"
BOS,Trevor Story,"DS,CS,WS"
BOS,Jarren Duran,"DS,CS,WS"
BOS,Ceddanne Rafaela,"DS,CS,WS"
BOS,Wilyer Abreu,"DS,CS,WS"
BOS,Roman Anthony,"DS,CS,WS"
BOS,Mickey Gasper,"DS,CS,WS"
BOS,Masataka Yoshida,"DS,CS,WS"
CHW,Kyle Teel,"DS,CS,WS"
CHW,Munetaka Murakami,"DS,CS,WS"
CHW,Chase Meidroth,"DS,CS,WS"
CHW,Miguel Vargas,"DS,CS,WS"
CHW,Colson Montgomery,"DS,CS,WS"
CHW,Sam Antonacci,"DS,CS,WS"
CHW,Tristan Peters,"DS,CS,WS"
CHW,Braden Montgomery,"DS,CS,WS"
CHW,Andrew Benintendi,"DS,CS,WS"
CHW,Randal Grichuk,"DS,CS,WS"
CHW,Brenton Doyle,"DS,CS,WS"
CLE,Patrick Bailey,"DS,CS,WS"
CLE,Nathaniel Lowe,"DS,CS,WS"
CLE,Travis Bazzana,"DS,CS,WS"
CLE,Jose Ramirez,"DS,CS,WS"
CLE,Brayan Rocchio,"DS,CS,WS"
CLE,Angel Martinez,"DS,CS,WS"
CLE,Steven Kwan,"DS,CS,WS"
CLE,Jo Adell,"DS,CS,WS"
CLE,Chase DeLauter,"DS,CS,WS"
CLE,Austin Hedges,"DS,CS,WS"
CLE,David Fry,"DS,CS,WS"
HOU,Yainer Diaz,"DS,CS,WS"
HOU,Christian Walker,"DS,CS,WS"
HOU,Jose Altuve,"DS,CS,WS"
HOU,Isaac Paredes,"DS,CS,WS"
HOU,Jeremy Pena,"DS,CS,WS"
HOU,Taylor Trammell,"DS,CS,WS"
HOU,Daulton Varsho,"DS,CS,WS"
HOU,Cam Smith,"DS,CS,WS"
HOU,Yordan Alvarez,"DS,CS,WS"
HOU,Lamonte Wade Jr.,"DS,CS,WS"
HOU,Nick Allen,"DS,CS,WS"
NYY,Austin Wells,"DS,CS,WS"
NYY,Luis Garcia Jr.,"DS,CS,WS"
NYY,Jazz Chisholm Jr.,"DS,CS,WS"
NYY,Anthony Volpe,"DS,CS,WS"
NYY,George Lombard Jr.,"DS,CS,WS"
NYY,Cody Bellinger,"DS,CS,WS"
NYY,Spencer Jones,"DS,CS,WS"
NYY,Aaron Judge,"DS,CS,WS"
NYY,Ben Rice,"DS,CS,WS"
NYY,Trent Grisham,"DS,CS,WS"
NYY,Giancarlo Stanton,"DS,CS,WS"
TBR,Liam Hicks,"DS,CS,WS"
TBR,Jonathan Aranda,"DS,CS,WS"
TBR,Richie Palacios,"DS,CS,WS"
TBR,Junior Caminero,"DS,CS,WS"
TBR,Taylor Walls,"DS,CS,WS"
TBR,Chandler Simpson,"DS,CS,WS"
TBR,Cedric Mullins,"DS,CS,WS"
TBR,Victor Mesa Jr.,"DS,CS,WS"
TBR,Yandy Diaz,"DS,CS,WS"
TBR,Jonny DeLuca,"DS,CS,WS"
TBR,Nick Fortes,"DS,CS,WS"
ATL,Drake Baldwin,"DS,CS,WS"
ATL,Matt Olson,"DS,CS,WS"
ATL,Ozzie Albies,"DS,CS,WS"
ATL,Austin Riley,"DS,CS,WS"
ATL,Brewer Hicklen,"DS,CS,WS"
ATL,Mauricio Dubon,"DS,CS,WS"
ATL,Michael Harris II,"DS,CS,WS"
ATL,Ronald Acuna Jr.,"DS,CS,WS"
ATL,Dominic Smith,"DS,CS,WS"
ATL,Mike Yastrzemski,"DS,CS,WS"
ATL,Ha-Seong Kim,"DS,CS,WS"
CHC,Carson Kelly,"DS,CS,WS"
CHC,Michael Busch,"DS,CS,WS"
CHC,Nico Hoerner,"DS,CS,WS"
CHC,Alex Bregman,"DS,CS,WS"
CHC,Dansby Swanson,"DS,CS,WS"
CHC,Ian Happ,"DS,CS,WS"
CHC,Pete Crow-Armstrong,"DS,CS,WS"
CHC,Seiya Suzuki,"DS,CS,WS"
CHC,Michael Conforto,"DS,CS,WS"
CHC,Pedro Ramirez,"DS,CS,WS"
CHC,Matt Shaw,"DS,CS,WS"
LAD,Will Smith,"DS,CS,WS"
LAD,Freddie Freeman,"DS,CS,WS"
LAD,Tommy Edman,"DS,CS,WS"
LAD,Max Muncy,"DS,CS,WS"
LAD,Mookie Betts,"DS,CS,WS"
LAD,Teoscar Hernandez,"DS,CS,WS"
LAD,Andy Pages,"DS,CS,WS"
LAD,Kyle Tucker,"DS,CS,WS"
LAD,Shohei Ohtani,"DS,CS,WS"
LAD,Dalton Rushing,"DS,CS,WS"
LAD,Miguel Rojas,"DS,CS,WS"
MIL,William Contreras,"DS,CS,WS"
MIL,Jake Bauers,"DS,CS,WS"
MIL,Brice Turang,"DS,CS,WS"
MIL,Joey Ortiz,"DS,CS,WS"
MIL,Cooper Pratt,"DS,CS,WS"
MIL,Jackson Chourio,"DS,CS,WS"
MIL,Garrett Mitchell,"DS,CS,WS"
MIL,Luis Lara,"DS,CS,WS"
MIL,Christian Yelich,"DS,CS,WS"
MIL,Andrew Vaughn,"DS,CS,WS"
MIL,Gary Sánchez,"DS,CS,WS"
PHI,J.T. Realmuto,"DS,CS,WS"
PHI,Alec Bohm,"DS,CS,WS"
PHI,Luis Arraez,"DS,CS,WS"
PHI,Bryson Stott,"DS,CS,WS"
PHI,Trea Turner,"DS,CS,WS"
PHI,Brandon Marsh,"DS,CS,WS"
PHI,Justin Crawford,"DS,CS,WS"
PHI,Bryce Harper,"DS,CS,WS"
PHI,Kyle Schwarber,"DS,CS,WS"
PHI,Derek Hill,"DS,CS,WS"
PHI,Bryan De La Cruz,"DS,CS,WS"
SDP,Luis Campusano,"DS,CS,WS"
SDP,Ty France,"DS,CS,WS"
SDP,Fernando Tatis Jr.,"DS,CS,WS"
SDP,Jake Cronenworth,"DS,CS,WS"
SDP,Xander Bogaerts,"DS,CS,WS"
SDP,Samad Taylor,"DS,CS,WS"
SDP,Jackson Merrill,"DS,CS,WS"
SDP,Dustin Harris,"DS,CS,WS"
SDP,Manny Machado,"DS,CS,WS"
SDP,Miguel Andujar,"DS,CS,WS"
SDP,Gavin Sheets,"DS,CS,WS"
