"last_name, first_name",player_id,year,pa,bip,ba,est_ba,est_ba_minus_ba_diff,slg,est_slg,est_slg_minus_slg_diff,woba,est_woba,est_woba_minus_woba_diff
"Crow-Armstrong, Pete",691718,2026,725,443,0.278,0.263,0.015000000000000013,0.57,0.508,0.061999999999999944,0.399,0.374,0.025000000000000022
"Herrera, Iván",671056,2026,709,467,0.244,0.248,-0.004,0.386,0.386,0,0.332,0.335,-0.003
"Busch, Michael",683737,2026,707,437,0.243,0.233,0.01,0.395,0.402,-0.007,0.334,0.332,0.002
"Henderson, Gunnar",683002,2026,702,469,0.226,0.246,-0.02,0.404,0.401,0.003,0.314,0.322,-0.008
"Alonso, Pete",624413,2026,700,438,0.267,0.285,-0.018,0.522,0.563,-0.041,0.379,0.402,-0.023
"Vargas, Miguel",678246,2026,699,467,0.251,0.264,-0.013,0.476,0.498,-0.022,0.363,0.378,-0.015
"Tatis Jr., Fernando",665487,2026,699,499,0.291,0.298,-0.007,0.473,0.503,-0.03,0.36,0.38,-0.02
"McGonigle, Kevin",805808,2026,699,503,0.276,0.265,0.011,0.425,0.447,-0.022,0.356,0.357,-0.001
"Bregman, Alex",608324,2026,697,508,0.26,0.249,0.011,0.449,0.382,0.067,0.35,0.322,0.028
"Caminero, Junior",691406,2026,696,487,0.275,0.272,0.003,0.52,0.495,0.025000000000000022,0.374,0.362,0.012
"Neto, Zach",687263,2026,694,402,0.241,0.216,0.024999999999999994,0.44,0.412,0.028000000000000025,0.337,0.316,0.021
"Reynolds, Bryan",668804,2026,693,432,0.259,0.253,0.006,0.42,0.443,-0.023,0.348,0.354,-0.006
"Stewart, Sal",701398,2026,691,470,0.265,0.257,0.008,0.463,0.469,-0.006,0.343,0.345,-0.002
"Schwarber, Kyle",656941,2026,691,361,0.232,0.237,-0.005,0.504,0.489,0.015000000000000013,0.368,0.365,0.003
"Olson, Matt",621566,2026,691,455,0.252,0.248,0.004,0.506,0.505,0.001,0.353,0.353,0
"Turner, Trea",607208,2026,690,493,0.239,0.241,-0.002,0.376,0.362,0.014000000000000012,0.296,0.292,0.004
"Hoerner, Nico",663538,2026,687,576,0.264,0.298,-0.034,0.351,0.376,-0.025,0.298,0.323,-0.025
"Bichette, Bo",666182,2026,686,511,0.261,0.281,-0.02,0.393,0.424,-0.031,0.31,0.331,-0.021
"Harper, Bryce",547180,2026,683,429,0.27,0.27,0,0.485,0.48,0.005,0.377,0.38,-0.003
"Lopez, Otto",672640,2026,682,544,0.304,0.282,0.022,0.437,0.419,0.018000000000000016,0.342,0.328,0.014000000000000012
"Díaz, Yandy",650490,2026,682,518,0.29,0.28,0.01,0.443,0.438,0.005,0.348,0.346,0.002
"Alvarez, Yordan",670541,2026,681,446,0.316,0.319,-0.003,0.6,0.638,-0.038,0.428,0.443,-0.015
"Albies, Ozzie",645277,2026,677,521,0.24,0.223,0.016999999999999987,0.396,0.339,0.056999999999999995,0.301,0.275,0.025999999999999968
"Abreu, Wilyer",677800,2026,677,462,0.249,0.253,-0.004,0.448,0.47,-0.022,0.336,0.347,-0.011
"Turang, Brice",668930,2026,672,413,0.268,0.254,0.014000000000000012,0.447,0.425,0.022,0.357,0.343,0.013999999999999957
"Perdomo, Geraldo",672695,2026,671,488,0.263,0.26,0.003,0.379,0.355,0.024,0.337,0.332,0.005
"Machado, Manny",592518,2026,670,450,0.215,0.242,-0.027,0.402,0.419,-0.017,0.308,0.327,-0.019
"Rice, Ben",700250,2026,667,414,0.264,0.267,-0.003,0.534,0.511,0.023,0.384,0.378,0.006
"Burleson, Alec",676475,2026,666,486,0.28,0.289,-0.009,0.469,0.519,-0.05,0.352,0.373,-0.021
"Carroll, Corbin",682998,2026,663,433,0.239,0.25,-0.011,0.469,0.449,0.019999999999999962,0.342,0.343,-0.001
"Arozarena, Randy",668227,2026,661,427,0.28,0.259,0.021,0.482,0.42,0.062,0.378,0.349,0.029000000000000026
"Aranda, Jonathan",666018,2026,660,422,0.275,0.256,0.019000000000000017,0.436,0.441,-0.005,0.348,0.344,0.004
"Merrill, Jackson",701538,2026,659,458,0.253,0.27,-0.017,0.44,0.492,-0.052,0.32,0.347,-0.027
"Walker, Jordan",691023,2026,659,433,0.271,0.264,0.007,0.471,0.464,0.007,0.347,0.341,0.006
"Arraez, Luis",650333,2026,655,588,0.31,0.289,0.021,0.419,0.377,0.042,0.331,0.307,0.024
"Freeman, Freddie",518692,2026,654,468,0.29,0.291,-0.001,0.432,0.464,-0.032,0.349,0.364,-0.015
"Lowe, Brandon",664040,2026,651,398,0.261,0.24,0.021,0.491,0.442,0.049,0.354,0.331,0.022999999999999965
"Adell, Jo",666176,2026,651,443,0.239,0.254,-0.015,0.397,0.436,-0.039,0.304,0.324,-0.02
"Paredes, Isaac",670623,2026,650,474,0.26,0.244,0.016000000000000014,0.442,0.371,0.071,0.353,0.322,0.030999999999999972
"Rodríguez, Julio",677594,2026,649,451,0.249,0.266,-0.017,0.404,0.442,-0.038,0.313,0.336,-0.023
"Lile, Daylen",695734,2026,647,475,0.249,0.258,-0.009,0.434,0.447,-0.013,0.316,0.327,-0.011
"Nimmo, Brandon",607043,2026,646,440,0.26,0.268,-0.008,0.406,0.444,-0.038,0.321,0.34,-0.019
"Abrams, CJ",682928,2026,646,422,0.263,0.248,0.015000000000000013,0.499,0.438,0.061,0.36,0.333,0.027
"Benge, Carson",701807,2026,644,446,0.277,0.277,0,0.426,0.437,-0.011,0.338,0.341,-0.003
"Meidroth, Chase",805367,2026,641,432,0.275,0.239,0.036,0.413,0.348,0.065,0.338,0.3,0.038000000000000034
"Naylor, Josh",647304,2026,641,512,0.263,0.271,-0.008,0.351,0.383,-0.032,0.298,0.312,-0.014
"Contreras, William",661388,2026,636,479,0.27,0.26,0.010000000000000009,0.417,0.442,-0.025,0.329,0.334,-0.005
"Suzuki, Seiya",673548,2026,634,393,0.27,0.246,0.024,0.473,0.427,0.045999999999999985,0.366,0.34,0.025999999999999968
"Devers, Rafael",646240,2026,633,401,0.258,0.238,0.020000000000000018,0.525,0.473,0.052000000000000046,0.367,0.342,0.024999999999999967
"Montgomery, Colson",695657,2026,632,340,0.199,0.2,-0.001,0.407,0.391,0.016,0.303,0.296,0.007
"Kwan, Steven",680757,2026,632,481,0.279,0.277,0.002,0.342,0.343,-0.001,0.33,0.328,0.002
"Happ, Ian",664023,2026,631,357,0.22,0.208,0.012,0.416,0.392,0.023999999999999966,0.328,0.314,0.014000000000000012
"Rumfield, TJ",681198,2026,630,462,0.299,0.26,0.039,0.452,0.385,0.067,0.372,0.332,0.04
"Okamoto, Kazuma",672960,2026,629,386,0.234,0.226,0.008,0.456,0.449,0.007,0.333,0.329,0.004
"Young, Cole",702284,2026,629,468,0.243,0.258,-0.015,0.379,0.39,-0.011,0.304,0.314,-0.01
"Trout, Mike",545361,2026,629,348,0.244,0.256,-0.012,0.424,0.49,-0.066,0.356,0.382,-0.026
"De La Cruz, Elly",682829,2026,627,382,0.285,0.281,0.004,0.521,0.508,0.013000000000000012,0.383,0.377,0.006
"Walker, Christian",572233,2026,625,420,0.223,0.226,-0.003,0.42,0.394,0.025999999999999968,0.313,0.303,0.010000000000000009
"Witt Jr., Bobby",677951,2026,624,447,0.282,0.302,-0.02,0.442,0.506,-0.064,0.347,0.379,-0.032
"Lee, Brooks",686797,2026,623,481,0.253,0.231,0.021999999999999992,0.429,0.351,0.078,0.317,0.277,0.04
"Bell, Josh",605137,2026,623,444,0.254,0.256,-0.002,0.415,0.443,-0.028,0.322,0.334,-0.012
"Bohm, Alec",664761,2026,621,478,0.251,0.266,-0.015,0.387,0.415,-0.028,0.31,0.328,-0.018
"Riley, Austin",663586,2026,621,366,0.222,0.215,0.007,0.369,0.401,-0.032,0.293,0.301,-0.008
"Perez, Salvador",521692,2026,620,461,0.229,0.249,-0.02,0.382,0.437,-0.055,0.285,0.316,-0.031
"Tucker, Kyle",663656,2026,618,434,0.233,0.255,-0.022,0.387,0.393,-0.006,0.319,0.331,-0.012
"Harris II, Michael",671739,2026,616,473,0.29,0.289,0.001,0.485,0.475,0.010000000000000009,0.345,0.341,0.004
"Wetherholt, JJ",802139,2026,615,433,0.244,0.256,-0.012,0.368,0.438,-0.07,0.32,0.349,-0.029
"Clement, Ernie",676391,2026,615,534,0.262,0.242,0.020000000000000018,0.368,0.319,0.049,0.287,0.259,0.028
"Dubón, Mauricio",643289,2026,615,500,0.275,0.267,0.008,0.393,0.373,0.020000000000000018,0.314,0.303,0.011
"Wood, James",695578,2026,615,334,0.265,0.271,-0.006,0.506,0.551,-0.045,0.384,0.405,-0.021
"Marte, Ketel",606466,2026,615,472,0.248,0.276,-0.028,0.432,0.455,-0.023,0.323,0.345,-0.022
"Marsee, Jakob",805300,2026,612,394,0.232,0.234,-0.002,0.361,0.334,0.027,0.322,0.314,0.008
"Simpson, Chandler",802415,2026,612,538,0.306,0.261,0.044999999999999984,0.356,0.297,0.059,0.305,0.263,0.042
"Keaschall, Luke",807712,2026,611,446,0.281,0.249,0.032,0.402,0.367,0.035,0.344,0.319,0.024999999999999967
"Burger, Jake",669394,2026,611,388,0.23,0.228,0.002,0.42,0.42,0,0.318,0.316,0.002
"Ohtani, Shohei",660271,2026,610,370,0.276,0.288,-0.012,0.517,0.557,-0.04,0.379,0.4,-0.021
"Baldwin, Drake",686948,2026,610,414,0.281,0.277,0.004,0.452,0.502,-0.05,0.354,0.369,-0.015
"Ward, Taylor",621493,2026,606,370,0.223,0.24,-0.017,0.31,0.359,-0.049,0.311,0.333,-0.022
"Torkelson, Spencer",679529,2026,606,335,0.232,0.212,0.020000000000000018,0.439,0.395,0.043999999999999984,0.338,0.315,0.023
"Duran, Jarren",680776,2026,606,394,0.208,0.237,-0.029,0.362,0.389,-0.027,0.275,0.301,-0.026
"Guerrero Jr., Vladimir",665489,2026,605,465,0.262,0.281,-0.019,0.359,0.403,-0.044,0.308,0.333,-0.025
"Gonzales, Nick",693304,2026,604,449,0.302,0.28,0.021999999999999964,0.388,0.384,0.004,0.338,0.325,0.013000000000000012
"Dingler, Dillon",693307,2026,603,415,0.243,0.266,-0.023,0.448,0.469,-0.021,0.326,0.344,-0.018
"Bogaerts, Xander",593428,2026,602,415,0.23,0.248,-0.018,0.338,0.374,-0.036,0.302,0.323,-0.021
"Stott, Bryson",681082,2026,600,436,0.25,0.265,-0.015,0.389,0.4,-0.011,0.319,0.329,-0.01
"Jensen, Carter",695600,2026,598,360,0.237,0.214,0.022999999999999993,0.463,0.409,0.054,0.339,0.311,0.028000000000000025
"Edwards, Xavier",669364,2026,595,444,0.28,0.258,0.022,0.371,0.356,0.015000000000000013,0.325,0.311,0.014000000000000012
"Arenado, Nolan",571448,2026,591,411,0.254,0.23,0.023999999999999994,0.474,0.366,0.10799999999999998,0.348,0.299,0.049
"Duran, Ezequiel",677649,2026,589,400,0.259,0.243,0.016000000000000014,0.421,0.37,0.051,0.324,0.3,0.024
"Rocchio, Brayan",677587,2026,588,454,0.249,0.246,0.003,0.375,0.348,0.027000000000000024,0.304,0.294,0.010000000000000009
"McCarthy, Jake",664983,2026,587,454,0.293,0.274,0.019,0.48,0.411,0.069,0.351,0.321,0.03
"Greene, Riley",682985,2026,584,355,0.282,0.264,0.018,0.477,0.503,-0.026,0.369,0.373,-0.004
"Durbin, Caleb",702332,2026,582,436,0.248,0.236,0.012,0.379,0.318,0.061,0.318,0.293,0.025000000000000022
"Lee, Jung Hoo",808982,2026,579,486,0.276,0.288,-0.012,0.404,0.382,0.022,0.317,0.315,0.002
"Clemens, Kody",665019,2026,575,402,0.239,0.252,-0.013,0.463,0.453,0.010000000000000009,0.328,0.333,-0.005
"Rafaela, Ceddanne",678882,2026,574,428,0.282,0.249,0.032999999999999974,0.442,0.362,0.08,0.33,0.284,0.046
"Bauers, Jake",641343,2026,570,320,0.268,0.252,0.016000000000000014,0.489,0.467,0.021999999999999964,0.383,0.371,0.012
"Pages, Andy",681624,2026,565,400,0.275,0.274,0.001,0.465,0.44,0.025000000000000022,0.352,0.342,0.01
"Goodman, Hunter",696100,2026,565,342,0.245,0.229,0.015999999999999986,0.522,0.454,0.068,0.353,0.321,0.032
"Chourio, Jackson",694192,2026,565,382,0.286,0.262,0.023999999999999966,0.484,0.473,0.011,0.358,0.343,0.014999999999999958
"Altuve, Jose",514888,2026,563,407,0.249,0.222,0.026999999999999996,0.396,0.324,0.072,0.307,0.27,0.037
"Bellinger, Cody",641355,2026,562,414,0.264,0.271,-0.007,0.429,0.411,0.018000000000000016,0.336,0.335,0.001
"Marsh, Brandon",669016,2026,560,384,0.26,0.25,0.010000000000000009,0.41,0.402,0.008,0.309,0.301,0.008
"Smith, Cam",701358,2026,558,364,0.209,0.235,-0.026,0.392,0.421,-0.029,0.291,0.316,-0.025
"Muncy, Max",571970,2026,556,346,0.249,0.24,0.009,0.487,0.464,0.022999999999999965,0.359,0.345,0.014000000000000012
"DeLauter, Chase",800050,2026,554,412,0.287,0.277,0.01,0.452,0.424,0.028000000000000025,0.357,0.345,0.012
"Antonacci, Sam",803011,2026,549,397,0.275,0.282,-0.007,0.393,0.397,-0.004,0.343,0.346,-0.003
"Moreno, Gabriel",672515,2026,545,401,0.311,0.289,0.022,0.487,0.451,0.035999999999999976,0.38,0.363,0.017000000000000015
"Caglianone, Jac",695506,2026,545,363,0.286,0.281,0.005,0.488,0.499,-0.011,0.357,0.356,0.001
"Murakami, Munetaka",808959,2026,544,253,0.209,0.203,0.006,0.483,0.466,0.017,0.36,0.351,0.009
"Hicks, Liam",689414,2026,544,422,0.281,0.261,0.020000000000000018,0.431,0.356,0.075,0.351,0.319,0.032
"Semien, Marcus",543760,2026,543,393,0.214,0.241,-0.027,0.339,0.376,-0.037,0.276,0.3,-0.024
"García Jr., Luis",671277,2026,543,421,0.277,0.276,0.001,0.521,0.486,0.035,0.355,0.341,0.013999999999999957
"Ramírez, José",608070,2026,539,406,0.237,0.265,-0.028,0.372,0.391,-0.019,0.304,0.325,-0.021
"Bleday, JJ",668709,2026,537,344,0.214,0.239,-0.025,0.407,0.417,-0.01,0.322,0.338,-0.016
"Butler, Lawrence",671732,2026,533,331,0.236,0.246,-0.01,0.395,0.401,-0.006,0.32,0.328,-0.008
"Contreras, Willson",575929,2026,533,316,0.276,0.256,0.020000000000000018,0.518,0.486,0.032,0.393,0.377,0.016000000000000014
"Winn, Masyn",691026,2026,532,361,0.232,0.245,-0.013,0.317,0.329,-0.012,0.283,0.297,-0.014
"Chisholm Jr., Jazz",665862,2026,532,318,0.231,0.216,0.015000000000000013,0.399,0.366,0.033,0.312,0.294,0.018000000000000016
"Varsho, Daulton",662139,2026,526,378,0.221,0.228,-0.007,0.355,0.354,0.001,0.281,0.283,-0.002
"Mitchell, Garrett",669003,2026,525,295,0.263,0.267,-0.004,0.418,0.445,-0.027,0.34,0.351,-0.011
"Canzone, Dominic",686527,2026,523,363,0.264,0.272,-0.008,0.486,0.493,-0.007,0.354,0.359,-0.005
"Betts, Mookie",605141,2026,521,417,0.259,0.28,-0.021,0.452,0.435,0.017000000000000015,0.339,0.341,-0.002
"Raleigh, Cal",663728,2026,520,284,0.179,0.19,-0.011,0.369,0.396,-0.027,0.297,0.312,-0.015
"Springer, George",543807,2026,515,368,0.248,0.238,0.010000000000000009,0.402,0.38,0.022,0.319,0.306,0.013000000000000012
"McNeil, Jeff",643446,2026,513,418,0.267,0.272,-0.005,0.373,0.36,0.013000000000000012,0.304,0.299,0.005
"Stowers, Kyle",669065,2026,512,289,0.239,0.227,0.011999999999999983,0.459,0.437,0.022,0.341,0.329,0.012
"Collins, Isaac",686555,2026,511,323,0.214,0.218,-0.004,0.324,0.302,0.022,0.295,0.292,0.003
"Bazzana, Travis",683953,2026,509,340,0.243,0.223,0.02,0.401,0.343,0.057999999999999996,0.326,0.298,0.028000000000000025
"Adames, Willy",642715,2026,505,327,0.23,0.222,0.008,0.424,0.391,0.032999999999999974,0.311,0.296,0.015000000000000013
"Giménez, Andrés",665926,2026,502,376,0.244,0.236,0.008,0.361,0.332,0.029,0.286,0.274,0.011999999999999955
"Lewis, Royce",668904,2026,501,333,0.226,0.237,-0.011,0.376,0.392,-0.016,0.291,0.304,-0.013
"Tovar, Ezequiel",678662,2026,499,339,0.216,0.224,-0.008,0.345,0.364,-0.019,0.266,0.277,-0.011
"Hernández, Heriberto",681715,2026,497,309,0.225,0.24,-0.015,0.43,0.463,-0.033,0.325,0.343,-0.018
"Yelich, Christian",592885,2026,494,309,0.236,0.231,0.005,0.381,0.384,-0.003,0.307,0.309,-0.002
"Suárez, Eugenio",553993,2026,494,267,0.212,0.201,0.010999999999999982,0.433,0.375,0.057999999999999996,0.324,0.302,0.022
"Mullins, Cedric",656775,2026,493,346,0.205,0.191,0.013999999999999985,0.347,0.311,0.035999999999999976,0.282,0.264,0.018
"France, Ty",664034,2026,490,333,0.294,0.251,0.043,0.505,0.427,0.078,0.372,0.329,0.043
"McLain, Matt",680574,2026,489,299,0.188,0.215,-0.027,0.339,0.365,-0.026,0.275,0.295,-0.02
"Nuñez, Nasim",683083,2026,487,339,0.209,0.221,-0.012,0.242,0.274,-0.032,0.25,0.267,-0.017
"Peters, Tristan",671976,2026,486,349,0.266,0.249,0.017000000000000015,0.44,0.385,0.055,0.341,0.315,0.026000000000000023
"Hernández, Teoscar",606192,2026,485,306,0.268,0.257,0.011,0.427,0.436,-0.009,0.334,0.333,0.001
"Vargas, Ildemaro",545121,2026,484,407,0.255,0.27,-0.015,0.379,0.364,0.015000000000000013,0.297,0.298,-0.001
"Ewing, A.J.",805999,2026,484,315,0.253,0.254,-0.001,0.372,0.392,-0.02,0.309,0.316,-0.007
"Grisham, Trent",663757,2026,484,333,0.211,0.245,-0.034,0.395,0.429,-0.034,0.311,0.337,-0.026
"Sanoja, Javier",691594,2026,482,416,0.296,0.272,0.023999999999999966,0.455,0.356,0.099,0.342,0.293,0.049000000000000044
"Swanson, Dansby",621020,2026,482,317,0.214,0.22,-0.006,0.4,0.381,0.019000000000000017,0.307,0.302,0.005
"Taveras, Leody",665750,2026,482,316,0.219,0.214,0.005,0.345,0.32,0.024999999999999967,0.282,0.273,0.009
"Crawford, J.P.",641487,2026,481,314,0.218,0.234,-0.016,0.344,0.356,-0.012,0.309,0.319,-0.01
"Castro, Willi",650489,2026,477,301,0.26,0.236,0.024,0.417,0.39,0.027,0.33,0.309,0.021
"Pasquantino, Vinnie",686469,2026,473,346,0.246,0.254,-0.008,0.413,0.429,-0.016,0.325,0.334,-0.009
"Mangum, Jake",663968,2026,472,343,0.275,0.246,0.029000000000000026,0.364,0.33,0.033999999999999975,0.31,0.284,0.026000000000000023
"Soto, Juan",665742,2026,472,329,0.276,0.294,-0.018,0.522,0.573,-0.051,0.388,0.411,-0.023
"Peña, Jeremy",665161,2026,471,325,0.271,0.266,0.005,0.461,0.421,0.040000000000000036,0.34,0.323,0.017000000000000015
"Young, Jacob",696285,2026,467,347,0.252,0.258,-0.006,0.391,0.386,0.005,0.314,0.315,-0.001
"Karros, Kyle",691720,2026,467,309,0.256,0.253,0.003,0.419,0.407,0.012,0.34,0.338,0.002
"Bolte, Henry",703607,2026,465,280,0.277,0.246,0.031000000000000028,0.407,0.376,0.030999999999999972,0.342,0.317,0.025000000000000022
"Grissom, Vaughn",687093,2026,465,337,0.244,0.245,-0.001,0.391,0.382,0.009,0.31,0.311,-0.001
"Benintendi, Andrew",643217,2026,465,314,0.239,0.239,0,0.406,0.394,0.012,0.307,0.304,0.003
"Baty, Brett",683146,2026,465,295,0.24,0.243,-0.003,0.379,0.413,-0.034,0.308,0.322,-0.014
"Stephenson, Tyler",663886,2026,464,286,0.243,0.235,0.008,0.408,0.424,-0.016,0.323,0.325,-0.002
"Acuña Jr., Ronald",660670,2026,464,304,0.258,0.263,-0.005,0.457,0.5,-0.043,0.352,0.369,-0.017
"Church, Nathan",701675,2026,463,356,0.251,0.244,0.007,0.37,0.357,0.013000000000000012,0.292,0.285,0.007
"Langford, Wyatt",694671,2026,462,298,0.239,0.231,0.008,0.425,0.39,0.034999999999999976,0.335,0.321,0.014000000000000012
"Realmuto, J.T.",592663,2026,461,315,0.206,0.249,-0.043,0.331,0.387,-0.056,0.276,0.317,-0.041
"Langeliers, Shea",669127,2026,460,312,0.263,0.269,-0.006,0.478,0.497,-0.019,0.349,0.356,-0.007
"Lindor, Francisco",596019,2026,459,317,0.224,0.239,-0.015,0.42,0.431,-0.011,0.32,0.329,-0.009
"Crawford, Justin",702222,2026,457,347,0.264,0.257,0.007,0.355,0.329,0.025999999999999968,0.295,0.285,0.010000000000000009
"Caballero, José",676609,2026,456,309,0.231,0.227,0.004,0.365,0.333,0.032,0.29,0.278,0.011999999999999955
"Mayo, Coby",691723,2026,454,275,0.228,0.235,-0.007,0.461,0.478,-0.017,0.328,0.336,-0.008
"Soderstrom, Tyler",691016,2026,453,306,0.245,0.246,-0.001,0.472,0.411,0.061,0.35,0.327,0.022999999999999965
"Carter, Evan",694497,2026,449,283,0.192,0.201,-0.009,0.311,0.315,-0.004,0.272,0.277,-0.005
"Massey, Michael",686681,2026,448,352,0.272,0.256,0.016000000000000014,0.43,0.412,0.018000000000000016,0.317,0.306,0.011
"Eldridge, Bryce",805811,2026,448,270,0.269,0.26,0.009,0.461,0.467,-0.006,0.361,0.359,0.002
"Lukes, Nathan",664770,2026,446,351,0.279,0.258,0.021,0.39,0.349,0.041000000000000036,0.318,0.293,0.025000000000000022
"Schanuel, Nolan",694384,2026,446,340,0.276,0.286,-0.01,0.385,0.389,-0.004,0.328,0.334,-0.006
"Johnston, Troy",687859,2026,445,318,0.28,0.276,0.004,0.397,0.376,0.021,0.332,0.323,0.009
"O'Hearn, Ryan",656811,2026,444,307,0.268,0.249,0.019000000000000017,0.445,0.401,0.043999999999999984,0.34,0.317,0.023
"Jung, Josh",673962,2026,444,321,0.299,0.285,0.014000000000000012,0.462,0.44,0.022,0.362,0.348,0.014000000000000012
"Horwitz, Spencer",687462,2026,443,313,0.248,0.229,0.019,0.369,0.348,0.021,0.322,0.311,0.011
"Ramos, Heliot",671218,2026,442,285,0.245,0.256,-0.011,0.411,0.446,-0.035,0.312,0.329,-0.017
"Crews, Dylan",686611,2026,435,295,0.224,0.243,-0.019,0.375,0.424,-0.049,0.295,0.32,-0.025
"Kurtz, Nick",701762,2026,434,211,0.256,0.244,0.012,0.483,0.483,0,0.381,0.374,0.007
"Larnach, Trevor",663616,2026,433,305,0.269,0.259,0.010000000000000009,0.436,0.394,0.042,0.347,0.327,0.019999999999999962
"Moniak, Mickey",666160,2026,433,289,0.239,0.213,0.025999999999999995,0.484,0.392,0.092,0.324,0.279,0.044999999999999984
"Pederson, Joc",592626,2026,432,275,0.235,0.242,-0.007,0.487,0.445,0.042,0.352,0.343,0.009
"Walls, Taylor",670764,2026,428,278,0.223,0.192,0.031,0.297,0.264,0.032999999999999974,0.278,0.254,0.024
"Gelof, Zack",680869,2026,427,286,0.256,0.237,0.019000000000000017,0.479,0.441,0.038,0.349,0.325,0.023999999999999966
"Seager, Corey",608369,2026,427,276,0.227,0.251,-0.024,0.421,0.481,-0.06,0.32,0.35,-0.03
"Loftin, Nick",679845,2026,426,306,0.24,0.228,0.011999999999999983,0.388,0.335,0.053,0.315,0.293,0.022
"Kelly, Carson",608348,2026,425,310,0.258,0.244,0.014000000000000012,0.376,0.372,0.004,0.32,0.311,0.009
"Keith, Colt",690993,2026,423,302,0.258,0.272,-0.014,0.406,0.423,-0.017,0.321,0.333,-0.012
"Torres, Gleyber",650402,2026,420,279,0.26,0.252,0.008,0.363,0.368,-0.005,0.328,0.325,0.003
"Lowe, Nathaniel",663993,2026,420,281,0.251,0.267,-0.016,0.447,0.437,0.010000000000000009,0.331,0.335,-0.004
"McKinstry, Zach",656716,2026,418,305,0.201,0.232,-0.031,0.296,0.312,-0.016,0.265,0.284,-0.019
"Cruz, Oneil",665833,2026,418,229,0.281,0.252,0.029000000000000026,0.488,0.473,0.015000000000000013,0.372,0.353,0.019000000000000017
"Alvarez, Francisco",682626,2026,416,244,0.235,0.231,0.004,0.403,0.434,-0.031,0.315,0.323,-0.008
"Cronenworth, Jake",630105,2026,416,279,0.224,0.211,0.013000000000000012,0.318,0.302,0.016000000000000014,0.283,0.27,0.012999999999999956
"Ortiz, Joey",687401,2026,415,298,0.27,0.243,0.027000000000000024,0.402,0.346,0.056,0.321,0.297,0.024
"Sheets, Gavin",657757,2026,412,274,0.211,0.23,-0.019,0.388,0.379,0.009,0.313,0.317,-0.004
"Schmitt, Casey",669477,2026,409,310,0.271,0.288,-0.017,0.483,0.512,-0.029,0.336,0.355,-0.019
"Martínez, Angel",682657,2026,408,299,0.26,0.256,0.004,0.475,0.409,0.066,0.332,0.305,0.027000000000000024
"Buxton, Byron",621439,2026,408,272,0.254,0.248,0.006,0.511,0.488,0.023,0.355,0.343,0.011999999999999955
"Rutschman, Adley",668939,2026,407,299,0.24,0.253,-0.013,0.417,0.408,0.009,0.319,0.325,-0.006
"Yastrzemski, Mike",573262,2026,400,259,0.229,0.236,-0.007,0.387,0.368,0.019000000000000017,0.311,0.309,0.002
"Basallo, Samuel",694212,2026,399,257,0.222,0.234,-0.012,0.406,0.439,-0.033,0.303,0.318,-0.015
"Cowser, Colton",681297,2026,392,224,0.226,0.221,0.005,0.37,0.4,-0.03,0.307,0.315,-0.008
"Palacios, Richie",680700,2026,390,274,0.234,0.244,-0.01,0.374,0.334,0.04,0.316,0.306,0.010000000000000009
"Gilbert, Drew",687551,2026,389,273,0.24,0.261,-0.021,0.396,0.401,-0.005,0.32,0.333,-0.013
"Wells, Austin",669224,2026,388,234,0.186,0.208,-0.022,0.332,0.36,-0.028,0.281,0.3,-0.019
"Heim, Jonah",641680,2026,387,289,0.206,0.226,-0.02,0.369,0.361,0.008,0.278,0.285,-0.007
"Steer, Spencer",668715,2026,384,256,0.238,0.246,-0.008,0.421,0.452,-0.031,0.326,0.342,-0.016
"Frelick, Sal",686217,2026,381,304,0.232,0.239,-0.007,0.321,0.322,-0.001,0.277,0.28,-0.003
"Goldschmidt, Paul",502671,2026,380,262,0.252,0.238,0.014000000000000012,0.452,0.414,0.038000000000000034,0.33,0.311,0.019000000000000017
"Hamilton, David",666152,2026,380,260,0.243,0.224,0.019,0.333,0.309,0.024,0.292,0.274,0.018
"Caratini, Victor",605170,2026,378,253,0.22,0.224,-0.004,0.313,0.357,-0.044,0.284,0.307,-0.023
"Cortes, Carlos",666126,2026,375,278,0.255,0.243,0.012,0.404,0.37,0.034,0.32,0.303,0.017000000000000015
"Norby, Connor",681393,2026,375,219,0.244,0.217,0.026999999999999996,0.38,0.364,0.016000000000000014,0.324,0.307,0.017000000000000015
"Thomas, Lane",657041,2026,374,235,0.224,0.238,-0.014,0.383,0.365,0.018000000000000016,0.313,0.311,0.002
"Peraza, Oswald",672724,2026,366,230,0.226,0.225,0.001,0.335,0.332,0.003,0.276,0.274,0.002
"Fermín, José",665877,2026,365,282,0.252,0.251,0.001,0.36,0.339,0.020999999999999963,0.299,0.293,0.006
"Jeffers, Ryan",680777,2026,365,251,0.252,0.242,0.010000000000000009,0.455,0.426,0.029000000000000026,0.35,0.34,0.01
"Beavers, Dylan",687637,2026,363,227,0.228,0.219,0.009,0.373,0.369,0.004,0.302,0.295,0.007
"Carrigg, Cole",694249,2026,363,244,0.275,0.248,0.027000000000000024,0.466,0.401,0.065,0.347,0.314,0.032999999999999974
"Vivas, Jorbit",678391,2026,363,264,0.239,0.237,0.002,0.323,0.31,0.013000000000000012,0.299,0.293,0.006
"DeLuca, Jonny",676356,2026,361,268,0.263,0.233,0.03,0.412,0.323,0.089,0.309,0.26,0.049
"Soler, Jorge",624585,2026,361,202,0.203,0.206,-0.003,0.373,0.362,0.011,0.295,0.294,0.001
"Montgomery, Braden",695731,2026,360,248,0.226,0.254,-0.028,0.352,0.389,-0.037,0.3,0.325,-0.025
"McMahon, Ryan",641857,2026,360,224,0.213,0.23,-0.017,0.357,0.381,-0.024,0.282,0.297,-0.015
"Triolo, Jared",669707,2026,359,254,0.24,0.243,-0.003,0.305,0.318,-0.013,0.281,0.286,-0.005
"Manzardo, Kyle",700932,2026,356,200,0.215,0.22,-0.005,0.378,0.38,-0.002,0.305,0.307,-0.002
"Lee, Hao-Yu",701678,2026,355,242,0.263,0.235,0.028000000000000025,0.424,0.396,0.028,0.324,0.302,0.022
"Rengifo, Luis",650859,2026,354,268,0.24,0.253,-0.013,0.317,0.345,-0.028,0.289,0.304,-0.015
"Holliday, Jackson",702616,2026,354,236,0.229,0.236,-0.007,0.34,0.352,-0.012,0.284,0.293,-0.009
"Martin, Austin",668885,2026,353,235,0.232,0.233,-0.001,0.319,0.317,0.002,0.305,0.305,0
"Chapman, Matt",656305,2026,352,229,0.235,0.21,0.024999999999999994,0.368,0.319,0.049,0.309,0.286,0.023
"Ruiz, Keibert",660688,2026,351,296,0.283,0.247,0.035999999999999976,0.447,0.373,0.074,0.331,0.288,0.043
"Diaz, Yainer",673237,2026,351,281,0.281,0.271,0.010000000000000009,0.458,0.412,0.046,0.333,0.311,0.022
"Ballesteros, Moisés",694208,2026,348,236,0.217,0.225,-0.008,0.334,0.363,-0.029,0.275,0.29,-0.015
"House, Brady",691781,2026,348,227,0.245,0.265,-0.02,0.398,0.435,-0.037,0.312,0.333,-0.021
"Monasterio, Andruw",655316,2026,344,248,0.235,0.231,0.004,0.374,0.354,0.020000000000000018,0.296,0.289,0.007
"Tawa, Tim",694374,2026,343,232,0.233,0.244,-0.011,0.39,0.419,-0.029,0.299,0.315,-0.016
"Young, Jared",676724,2026,342,248,0.266,0.25,0.016000000000000014,0.429,0.4,0.029,0.333,0.321,0.012
"Garcia, Maikel",672580,2026,340,260,0.266,0.27,-0.004,0.38,0.366,0.014000000000000012,0.315,0.315,0
"Lowe, Josh",666139,2026,339,208,0.208,0.21,-0.002,0.362,0.375,-0.013,0.28,0.286,-0.006
"Bailey, Patrick",672275,2026,338,221,0.205,0.241,-0.036,0.317,0.392,-0.075,0.264,0.306,-0.042
"Wilson, Jacob",805779,2026,337,283,0.266,0.262,0.004,0.388,0.345,0.043,0.301,0.282,0.019000000000000017
"Myers, Dane",667472,2026,334,212,0.257,0.236,0.021,0.377,0.356,0.021,0.324,0.309,0.015000000000000013
"Vaughn, Andrew",683734,2026,331,237,0.306,0.264,0.042,0.444,0.38,0.064,0.368,0.329,0.039
"Meckler, Wade",685133,2026,331,234,0.306,0.265,0.041,0.395,0.363,0.032,0.348,0.318,0.03
"Griffin, Konnor",804606,2026,331,224,0.266,0.254,0.012,0.388,0.391,-0.003,0.313,0.309,0.004
"Mack, Joe",691788,2026,330,227,0.234,0.225,0.009,0.403,0.396,0.007,0.299,0.292,0.007
"Caissie, Owen",683357,2026,330,176,0.22,0.211,0.009,0.412,0.405,0.007,0.304,0.302,0.002
"Mead, Curtis",678554,2026,329,222,0.253,0.259,-0.006,0.498,0.457,0.041,0.37,0.358,0.012
"Straw, Myles",664702,2026,327,256,0.243,0.252,-0.009,0.346,0.345,0.001,0.291,0.294,-0.003
"Nootbaar, Lars",663457,2026,325,215,0.241,0.251,-0.01,0.385,0.445,-0.06,0.322,0.346,-0.024
"Edman, Tommy",669242,2026,323,221,0.239,0.237,0.002,0.377,0.343,0.033999999999999975,0.313,0.301,0.012
"Fortes, Nick",663743,2026,319,256,0.262,0.241,0.021,0.381,0.329,0.052,0.305,0.276,0.029
"Isbel, Kyle",664728,2026,319,228,0.221,0.223,-0.002,0.321,0.3,0.021,0.26,0.254,0.006
"Hoskins, Rhys",656555,2026,317,167,0.179,0.174,0.005,0.376,0.348,0.028000000000000025,0.305,0.297,0.008
"Sánchez, Jesús",660821,2026,315,214,0.254,0.255,-0.001,0.401,0.419,-0.018,0.311,0.321,-0.01
"Conine, Griffin",665052,2026,315,183,0.261,0.254,0.007,0.486,0.491,-0.005,0.366,0.363,0.003
"Kirk, Alejandro",672386,2026,309,238,0.282,0.264,0.018,0.421,0.369,0.052,0.338,0.309,0.029000000000000026
"Conforto, Michael",624424,2026,309,190,0.237,0.235,0.002,0.466,0.435,0.031000000000000028,0.342,0.331,0.011
"Yoshida, Masataka",807799,2026,297,233,0.274,0.262,0.012,0.399,0.372,0.027000000000000024,0.33,0.318,0.012
"Gorman, Nolan",669357,2026,296,170,0.188,0.197,-0.009,0.314,0.358,-0.044,0.263,0.281,-0.018
"Guzman, Denzer",694203,2026,295,200,0.219,0.225,-0.006,0.339,0.328,0.011,0.269,0.266,0.003
"Davis, Henry",680779,2026,295,196,0.166,0.198,-0.032,0.308,0.341,-0.033,0.263,0.29,-0.027
"Smith, Dominic",642086,2026,294,223,0.254,0.236,0.018000000000000016,0.375,0.369,0.006,0.301,0.296,0.005
"Jackson, Jeremiah",669236,2026,293,212,0.217,0.236,-0.019,0.365,0.385,-0.02,0.264,0.282,-0.018
"Vierling, Matt",663837,2026,291,223,0.207,0.256,-0.049,0.335,0.381,-0.046,0.259,0.304,-0.045
"Vientos, Mark",668901,2026,290,202,0.216,0.235,-0.019,0.401,0.44,-0.039,0.288,0.309,-0.021
"Jones, Spencer",682987,2026,289,157,0.245,0.238,0.007,0.429,0.455,-0.026,0.323,0.328,-0.005
"Alexander, Blaze",677942,2026,289,201,0.303,0.3,0.003,0.414,0.452,-0.038,0.341,0.351,-0.01
"Freeman, Tyler",671289,2026,288,228,0.247,0.265,-0.018,0.314,0.353,-0.039,0.289,0.309,-0.02
"Valdez, Esmerlyn",699013,2026,287,136,0.232,0.2,0.032,0.51,0.44,0.07,0.368,0.332,0.035999999999999976
"Tena, José",677588,2026,287,168,0.223,0.222,0.001,0.371,0.352,0.019000000000000017,0.3,0.292,0.008
"Raley, Luke",670042,2026,287,172,0.225,0.252,-0.027,0.439,0.486,-0.047,0.313,0.342,-0.029
"Judge, Aaron",592450,2026,285,153,0.241,0.258,-0.017,0.511,0.569,-0.058,0.372,0.396,-0.024
"Narváez, Carlos",665966,2026,285,168,0.161,0.191,-0.03,0.226,0.303,-0.077,0.219,0.26,-0.041
"Muncy, Max",691777,2026,284,168,0.23,0.218,0.012,0.387,0.366,0.021,0.3,0.288,0.012
"Williamson, Ben",810938,2026,284,206,0.239,0.247,-0.008,0.32,0.326,-0.006,0.282,0.287,-0.005
"Waldschmidt, Ryan",814439,2026,284,171,0.256,0.236,0.020000000000000018,0.368,0.356,0.012,0.309,0.297,0.012
"Trammell, Taylor",666211,2026,283,163,0.196,0.189,0.007,0.348,0.367,-0.019,0.284,0.287,-0.003
"Schneemann, Daniel",682177,2026,282,174,0.205,0.222,-0.017,0.318,0.359,-0.041,0.266,0.287,-0.021
"Ozuna, Marcell",542303,2026,280,171,0.203,0.221,-0.018,0.327,0.389,-0.062,0.276,0.304,-0.028
"Torrens, Luis",620443,2026,277,198,0.238,0.231,0.007,0.401,0.366,0.035,0.306,0.289,0.017000000000000015
"Julien, Edouard",666397,2026,276,165,0.208,0.247,-0.039,0.292,0.401,-0.109,0.287,0.338,-0.051
"O'Hoppe, Logan",681351,2026,275,187,0.218,0.206,0.012,0.302,0.332,-0.03,0.259,0.267,-0.008
"Vilade, Ryan",668723,2026,274,180,0.245,0.253,-0.008,0.432,0.425,0.007,0.328,0.33,-0.002
"Smith, Will",669257,2026,273,192,0.259,0.28,-0.021,0.427,0.507,-0.08,0.345,0.392,-0.047
"Sogard, Nick",686765,2026,273,186,0.254,0.248,0.006,0.386,0.352,0.034,0.324,0.308,0.016000000000000014
"Friedl, TJ",670770,2026,272,182,0.172,0.191,-0.019,0.255,0.268,-0.013,0.236,0.25,-0.014
"Grichuk, Randal",545341,2026,272,201,0.291,0.28,0.010999999999999954,0.566,0.478,0.088,0.372,0.336,0.035999999999999976
"Sánchez, Gary",596142,2026,269,163,0.21,0.221,-0.011,0.416,0.396,0.019999999999999962,0.342,0.337,0.005
"Freeland, Alex",690976,2026,269,162,0.234,0.22,0.014000000000000012,0.325,0.34,-0.015,0.297,0.297,0
"Valenzuela, Brandon",678218,2026,268,171,0.224,0.239,-0.015,0.363,0.37,-0.007,0.3,0.309,-0.009
"Kreidler, Ryan",668952,2026,267,183,0.218,0.221,-0.003,0.379,0.382,-0.003,0.293,0.295,-0.002
"Vázquez, Christian",543877,2026,266,195,0.207,0.195,0.011999999999999983,0.322,0.267,0.055,0.258,0.233,0.024999999999999994
"Lopez, Nicky",670032,2026,266,203,0.266,0.246,0.020000000000000018,0.305,0.295,0.010000000000000009,0.282,0.269,0.012999999999999956
"Story, Trevor",596115,2026,263,165,0.237,0.211,0.025999999999999995,0.353,0.318,0.034999999999999976,0.272,0.247,0.025000000000000022
"Walton, Donovan",622268,2026,262,183,0.268,0.247,0.021,0.46,0.377,0.083,0.365,0.326,0.039
"Ramírez, Pedro",699393,2026,261,192,0.257,0.243,0.014000000000000012,0.401,0.344,0.057,0.312,0.284,0.028000000000000025
"Fermin, Freddy",666023,2026,261,180,0.197,0.211,-0.014,0.307,0.316,-0.009,0.26,0.271,-0.011
"O'Neill, Tyler",641933,2026,260,159,0.212,0.214,-0.002,0.377,0.394,-0.017,0.302,0.307,-0.005
"García, Adolis",666969,2026,259,150,0.195,0.22,-0.025,0.329,0.362,-0.033,0.268,0.294,-0.026
"Carpenter, Kerry",681481,2026,259,159,0.208,0.212,-0.004,0.416,0.388,0.028,0.301,0.295,0.006
"Pratt, Cooper",806198,2026,258,185,0.281,0.265,0.016000000000000014,0.367,0.361,0.006,0.319,0.314,0.005
"Andujar, Miguel",609280,2026,254,201,0.259,0.264,-0.005,0.423,0.376,0.046999999999999986,0.314,0.298,0.016000000000000014
"Mesa Jr., Victor",683748,2026,253,178,0.248,0.246,0.002,0.487,0.439,0.048,0.348,0.329,0.019
"Amaya, Miguel",665804,2026,250,148,0.232,0.2,0.032,0.37,0.325,0.044999999999999984,0.32,0.292,0.028000000000000025
"Rushing, Dalton",687221,2026,250,149,0.249,0.252,-0.003,0.466,0.43,0.036,0.348,0.339,0.009
"Ruiz, Esteury",665923,2026,247,132,0.217,0.178,0.039,0.372,0.294,0.078,0.318,0.276,0.042
"Ramírez, Agustín",682663,2026,247,160,0.239,0.227,0.011999999999999983,0.362,0.322,0.04,0.307,0.287,0.020000000000000018
"Volpe, Anthony",683011,2026,246,165,0.245,0.232,0.012999999999999984,0.336,0.334,0.002,0.297,0.291,0.006
"Sosa, Edmundo",624641,2026,246,178,0.242,0.276,-0.034,0.41,0.443,-0.033,0.299,0.327,-0.028
"Rojas, Miguel",500743,2026,245,203,0.268,0.278,-0.01,0.395,0.387,0.008,0.306,0.308,-0.002
"Hedges, Austin",595978,2026,245,175,0.249,0.226,0.022999999999999993,0.38,0.317,0.063,0.316,0.283,0.033
"Campusano, Luis",669134,2026,245,161,0.268,0.24,0.028000000000000025,0.437,0.393,0.043999999999999984,0.355,0.327,0.028
"Feduccia, Hunter",676439,2026,245,158,0.226,0.24,-0.014,0.321,0.372,-0.051,0.29,0.315,-0.025
"Foscue, Justin",679822,2026,245,163,0.274,0.247,0.027000000000000024,0.489,0.439,0.05,0.357,0.327,0.03
"Siri, Jose",642350,2026,244,147,0.234,0.222,0.012,0.401,0.416,-0.015,0.3,0.299,0.001
"Rosario, Amed",642708,2026,244,173,0.238,0.25,-0.012,0.405,0.424,-0.019,0.297,0.309,-0.012
"Hayes, Ke'Bryan",663647,2026,242,179,0.141,0.236,-0.095,0.225,0.371,-0.146,0.191,0.287,-0.096
"Emerson, Colt",806068,2026,241,141,0.19,0.196,-0.006,0.335,0.3,0.035,0.256,0.248,0.008
"Anthony, Roman",701350,2026,240,146,0.248,0.262,-0.014,0.4,0.428,-0.028,0.329,0.344,-0.015
"Mayer, Marcelo",691785,2026,239,167,0.21,0.196,0.013999999999999985,0.299,0.289,0.010000000000000009,0.261,0.256,0.005
"Smith, Josh",669701,2026,238,155,0.203,0.204,-0.001,0.319,0.321,-0.002,0.276,0.277,-0.001
"Wong, Connor",657136,2026,237,157,0.234,0.22,0.014000000000000012,0.349,0.328,0.020999999999999963,0.296,0.282,0.014000000000000012
"Taylor, Tyrone",621438,2026,237,181,0.274,0.245,0.029000000000000026,0.502,0.418,0.084,0.354,0.31,0.043999999999999984
"Díaz, Elias",553869,2026,236,167,0.23,0.214,0.016000000000000014,0.387,0.347,0.040000000000000036,0.279,0.264,0.015000000000000013
"Matthews, Brice",694728,2026,233,143,0.201,0.193,0.008,0.332,0.338,-0.006,0.26,0.261,-0.001
"Sullivan, Brett",664954,2026,233,181,0.228,0.237,-0.009,0.395,0.356,0.039000000000000035,0.289,0.283,0.006
"Williams, Alika",675961,2026,231,169,0.27,0.217,0.053,0.428,0.299,0.129,0.32,0.248,0.072
"Robert Jr., Luis",673357,2026,230,151,0.221,0.239,-0.018,0.407,0.418,-0.011,0.311,0.321,-0.01
"Osuna, Alejandro",696030,2026,228,165,0.256,0.251,0.005,0.296,0.307,-0.011,0.301,0.3,0.001
"Gasper, Mickey",681508,2026,225,154,0.251,0.249,0.002,0.466,0.444,0.022,0.361,0.353,0.008
"Chaparro, Andrés",665953,2026,224,141,0.258,0.228,0.03,0.495,0.432,0.063,0.371,0.336,0.034999999999999976
"Domínguez, Jasson",691176,2026,222,161,0.225,0.25,-0.025,0.368,0.364,0.004,0.279,0.289,-0.01
"Fernandez, Jose",699912,2026,221,158,0.256,0.246,0.010000000000000009,0.345,0.344,0.001,0.288,0.282,0.006
"Gonzalez, Jacob",694378,2026,221,164,0.221,0.25,-0.029,0.353,0.392,-0.039,0.277,0.303,-0.026
"Jansen, Danny",643376,2026,220,141,0.195,0.186,0.009,0.347,0.304,0.043,0.287,0.267,0.019999999999999962
"Acuña, Luisangel",682668,2026,219,166,0.224,0.244,-0.02,0.259,0.311,-0.052,0.233,0.263,-0.03
"Quero, Edgar",700337,2026,217,151,0.203,0.222,-0.019,0.257,0.315,-0.058,0.251,0.282,-0.031
"Doyle, Brenton",686668,2026,217,133,0.23,0.204,0.026000000000000023,0.333,0.3,0.033,0.269,0.244,0.025000000000000022
"Mateo, Jorge",622761,2026,216,135,0.203,0.221,-0.018,0.312,0.354,-0.042,0.248,0.271,-0.023
"Hill, Derek",656537,2026,216,133,0.241,0.225,0.015999999999999986,0.442,0.386,0.055999999999999994,0.319,0.289,0.030000000000000027
"Encarnacion-Strand, Christian",687952,2026,213,143,0.277,0.248,0.029000000000000026,0.513,0.483,0.030000000000000027,0.358,0.332,0.025999999999999968
"Koss, Christian",683766,2026,213,148,0.226,0.213,0.013000000000000012,0.318,0.288,0.030000000000000027,0.261,0.243,0.018000000000000016
"Fry, David",681807,2026,210,122,0.194,0.177,0.017000000000000015,0.361,0.291,0.07,0.301,0.27,0.030999999999999972
"Pagés, Pedro",686780,2026,208,138,0.213,0.214,-0.001,0.309,0.324,-0.015,0.256,0.265,-0.009
"Lara, Luis",800325,2026,208,144,0.246,0.258,-0.012,0.326,0.332,-0.006,0.287,0.295,-0.008
"Laureano, Ramón",657656,2026,206,119,0.203,0.222,-0.019,0.374,0.409,-0.035,0.292,0.312,-0.02
"White, Eli",642201,2026,204,147,0.246,0.229,0.016999999999999987,0.398,0.333,0.065,0.3,0.269,0.030999999999999972
"Romo, Drew",691011,2026,203,133,0.141,0.188,-0.047,0.288,0.293,-0.005,0.241,0.262,-0.021
"Rooker, Brent",667670,2026,202,117,0.201,0.208,-0.007,0.391,0.438,-0.047,0.294,0.312,-0.018
"Marte, Noelvi",682622,2026,201,139,0.189,0.193,-0.004,0.321,0.304,0.017000000000000015,0.242,0.237,0.005
"Gurriel Jr., Lourdes",666971,2026,201,151,0.21,0.234,-0.024,0.29,0.312,-0.022,0.243,0.273,-0.03
"Jordan, Blaze",691458,2026,199,160,0.247,0.266,-0.019,0.382,0.425,-0.043,0.284,0.317,-0.033
"Shaw, Matt",807713,2026,199,141,0.24,0.228,0.011999999999999983,0.415,0.351,0.064,0.326,0.3,0.026000000000000023
"Clark, Max",703601,2026,197,136,0.281,0.271,0.010000000000000009,0.433,0.354,0.079,0.348,0.322,0.025999999999999968
"Heineman, Tyler",623168,2026,196,156,0.172,0.217,-0.045,0.218,0.262,-0.044,0.203,0.238,-0.035
"Del Castillo, Adrian",680728,2026,195,127,0.196,0.198,-0.002,0.313,0.33,-0.017,0.25,0.256,-0.006
"Scott II, Victor",687363,2026,195,131,0.193,0.222,-0.029,0.253,0.296,-0.043,0.243,0.271,-0.028
"Jiménez, Leo",677870,2026,194,130,0.199,0.242,-0.043,0.259,0.336,-0.077,0.267,0.314,-0.047
"Báez, Javier",595879,2026,192,144,0.235,0.235,0,0.355,0.317,0.038,0.272,0.261,0.011
"Call, Alex",669743,2026,192,127,0.231,0.201,0.03,0.3,0.256,0.043999999999999984,0.303,0.276,0.027
"White, Tommy",695720,2026,190,152,0.25,0.263,-0.013,0.326,0.384,-0.058,0.262,0.292,-0.03
"Halpin, Petey",690984,2026,190,145,0.224,0.25,-0.026,0.328,0.378,-0.05,0.263,0.292,-0.029
"Gray, Tristan",656484,2026,188,117,0.225,0.218,0.007,0.324,0.322,0.002,0.262,0.263,-0.001
"Torres, Bryan",663494,2026,186,129,0.232,0.231,0.001,0.335,0.332,0.003,0.289,0.288,0.001
"Higashioka, Kyle",543309,2026,186,118,0.218,0.219,-0.001,0.37,0.351,0.019000000000000017,0.303,0.295,0.008
"Kiner-Falefa, Isiah",643396,2026,183,137,0.242,0.256,-0.014,0.311,0.319,-0.008,0.29,0.297,-0.007
"Piñango, Yohendrick",682818,2026,180,125,0.26,0.262,-0.002,0.396,0.398,-0.002,0.309,0.309,0
"Jones, Jahmai",663330,2026,179,100,0.209,0.23,-0.021,0.373,0.432,-0.059,0.302,0.331,-0.029
"Wilson, Weston",642215,2026,179,103,0.206,0.19,0.015999999999999986,0.313,0.278,0.034999999999999976,0.275,0.255,0.020000000000000018
"Pérez, Wenceel",672761,2026,175,132,0.18,0.203,-0.023,0.348,0.348,0,0.262,0.272,-0.01
"Beck, Jordan",687597,2026,175,107,0.193,0.206,-0.013,0.28,0.285,-0.005,0.239,0.245,-0.006
"Seigler, Anthony",678011,2026,173,126,0.247,0.241,0.006,0.4,0.37,0.030000000000000027,0.321,0.312,0.009
"Bateman, Brett",703520,2026,173,120,0.318,0.259,0.059,0.411,0.328,0.083,0.359,0.304,0.055
"Saggese, Thomas",695336,2026,173,111,0.232,0.239,-0.007,0.355,0.405,-0.05,0.288,0.313,-0.025
"Taylor, Samad",669392,2026,172,109,0.315,0.257,0.057999999999999996,0.409,0.33,0.079,0.357,0.311,0.045999999999999985
"Rogers, Jake",668670,2026,171,96,0.161,0.171,-0.01,0.287,0.296,-0.009,0.259,0.267,-0.008
"Barrosa, Jorge",678489,2026,171,107,0.196,0.166,0.03,0.336,0.253,0.083,0.278,0.238,0.040000000000000036
"Outman, James",681546,2026,170,86,0.172,0.162,0.01,0.318,0.273,0.044999999999999984,0.247,0.225,0.021999999999999992
"Marte, Starling",516782,2026,168,114,0.242,0.23,0.011999999999999983,0.314,0.364,-0.05,0.276,0.287,-0.011
"Lombard Jr., George",806146,2026,166,111,0.237,0.24,-0.003,0.414,0.388,0.025999999999999968,0.304,0.298,0.006
"Allen, Nick",669397,2026,161,118,0.278,0.216,0.062,0.382,0.269,0.11299999999999999,0.31,0.244,0.066
"Cox, Jonah",813841,2026,161,88,0.259,0.209,0.05,0.392,0.324,0.068,0.308,0.259,0.049
"Susac, Daniel",691740,2026,161,114,0.243,0.249,-0.006,0.375,0.369,0.006,0.29,0.296,-0.006
"Arroyo, Edwin",695490,2026,160,113,0.223,0.268,-0.045,0.264,0.348,-0.084,0.24,0.291,-0.051
"Cavanaugh, Drew",701852,2026,160,95,0.225,0.237,-0.012,0.268,0.34,-0.072,0.272,0.302,-0.03
"Flores Jr., Rafael",804668,2026,159,100,0.271,0.253,0.018000000000000016,0.542,0.519,0.023,0.377,0.358,0.019000000000000017
"Rodríguez, Endy",682848,2026,159,94,0.267,0.245,0.022,0.467,0.403,0.064,0.37,0.338,0.032
"Donovan, Brendan",680977,2026,159,115,0.277,0.25,0.027000000000000024,0.409,0.344,0.065,0.349,0.314,0.034999999999999976
"McCann, James",543510,2026,158,111,0.284,0.236,0.048,0.446,0.41,0.036,0.33,0.294,0.036
"Rave, John",670231,2026,157,103,0.232,0.237,-0.005,0.435,0.394,0.041,0.329,0.317,0.012
"Hernaiz, Darell",687231,2026,157,109,0.234,0.216,0.018000000000000016,0.277,0.267,0.010000000000000009,0.275,0.262,0.013000000000000012
"Trevino, Jose",624431,2026,156,126,0.217,0.213,0.004,0.336,0.295,0.041000000000000036,0.24,0.222,0.017999999999999988
"Dunn, Blake",694362,2026,155,110,0.282,0.242,0.04,0.387,0.319,0.068,0.321,0.28,0.041
"Meyers, Jake",676694,2026,153,111,0.213,0.205,0.008,0.326,0.316,0.010000000000000009,0.265,0.256,0.009
"Schneider, Davis",676914,2026,152,73,0.149,0.151,-0.002,0.322,0.285,0.037,0.294,0.285,0.009
"Millas, Drew",686452,2026,152,96,0.185,0.204,-0.019,0.262,0.282,-0.02,0.251,0.266,-0.015
"Pauley, Graham",688363,2026,150,104,0.21,0.192,0.017999999999999988,0.377,0.312,0.065,0.276,0.244,0.032
"Song, Sung-Mun",823550,2026,150,102,0.195,0.185,0.010000000000000009,0.25,0.271,-0.021,0.252,0.254,-0.002
"Garver, Mitch",641598,2026,149,77,0.175,0.194,-0.019,0.294,0.341,-0.047,0.278,0.301,-0.023
"Crooks, Jimmy",699625,2026,149,87,0.179,0.198,-0.019,0.336,0.397,-0.061,0.264,0.294,-0.03
"Robles, Victor",645302,2026,149,115,0.256,0.238,0.018000000000000016,0.308,0.321,-0.013,0.283,0.28,0.003
"Arias, Gabriel",672356,2026,147,79,0.245,0.221,0.023999999999999994,0.374,0.373,0.001,0.288,0.275,0.012999999999999956
"Frazier, Adam",624428,2026,147,94,0.24,0.223,0.016999999999999987,0.349,0.294,0.055,0.293,0.265,0.028
"Kepler, Max",596146,2026,145,102,0.205,0.211,-0.006,0.303,0.336,-0.033,0.25,0.27,-0.02
"Wade Jr., LaMonte",664774,2026,145,90,0.206,0.188,0.017999999999999988,0.349,0.287,0.062,0.299,0.268,0.030999999999999972
"Polanco, Jorge",593871,2026,145,100,0.148,0.189,-0.041,0.23,0.284,-0.054,0.196,0.234,-0.038
"Tolbert, Tyler",686475,2026,144,102,0.294,0.246,0.048,0.405,0.314,0.091,0.338,0.293,0.045
"Melendez, MJ",669004,2026,144,72,0.192,0.166,0.025999999999999995,0.35,0.317,0.032999999999999974,0.302,0.28,0.021999999999999964
"Rodríguez, Héctor",699302,2026,144,97,0.228,0.201,0.026999999999999996,0.404,0.335,0.069,0.294,0.256,0.038
"Troy, Tommy",694371,2026,143,96,0.217,0.229,-0.012,0.349,0.393,-0.044,0.285,0.304,-0.019
"Rivas, Leo",660844,2026,143,83,0.15,0.175,-0.025,0.192,0.235,-0.043,0.226,0.25,-0.024
"Basabe, Osleivis",678545,2026,142,102,0.203,0.231,-0.028,0.344,0.345,-0.001,0.273,0.285,-0.012
"Harris, Dustin",687957,2026,142,108,0.285,0.272,0.012999999999999956,0.366,0.354,0.012,0.319,0.312,0.007
"Correa, Carlos",621043,2026,141,97,0.279,0.289,-0.01,0.418,0.459,-0.041,0.347,0.364,-0.017
"Teel, Kyle",691019,2026,140,68,0.2,0.209,-0.009,0.357,0.378,-0.021,0.314,0.324,-0.01
"Kim, Ha-Seong",673490,2026,139,89,0.113,0.151,-0.038,0.121,0.2,-0.079,0.164,0.209,-0.045
"Moore, Christian",695681,2026,139,83,0.186,0.191,-0.005,0.279,0.311,-0.032,0.232,0.244,-0.012
"Malgeri, Ben",701162,2026,137,83,0.248,0.241,0.007,0.419,0.354,0.065,0.342,0.318,0.024
"Wallner, Matt",670242,2026,135,67,0.167,0.2,-0.033,0.292,0.333,-0.041,0.253,0.281,-0.028
"Genao, Angel",694197,2026,134,102,0.211,0.239,-0.028,0.293,0.335,-0.042,0.259,0.285,-0.026
"Lawlar, Jordan",691783,2026,133,83,0.256,0.245,0.011,0.463,0.397,0.066,0.341,0.311,0.030000000000000027
"Ortiz, Abimelec",694673,2026,132,90,0.192,0.215,-0.023,0.352,0.39,-0.038,0.254,0.276,-0.022
"Kim, Hyeseong",808975,2026,131,87,0.259,0.261,-0.002,0.328,0.341,-0.013,0.293,0.304,-0.011
"Moncada, Yoán",660162,2026,130,66,0.189,0.169,0.02,0.297,0.286,0.011,0.281,0.269,0.012
"Valencia, Eduardo",680664,2026,129,91,0.35,0.286,0.064,0.617,0.531,0.086,0.431,0.369,0.062
"Refsnyder, Rob",608701,2026,129,81,0.14,0.17,-0.03,0.254,0.316,-0.062,0.207,0.255,-0.048
"Bart, Joey",663698,2026,128,78,0.214,0.203,0.010999999999999982,0.357,0.362,-0.005,0.299,0.295,0.004
"Jarvis, Jim",805347,2026,124,92,0.207,0.234,-0.027,0.297,0.304,-0.007,0.254,0.268,-0.014
"Castellanos, Nick",592206,2026,122,83,0.191,0.244,-0.053,0.339,0.4,-0.061,0.239,0.285,-0.046
"Loperfido, Joey",694388,2026,121,73,0.214,0.229,-0.015,0.33,0.334,-0.004,0.287,0.294,-0.007
"Thomas, Colby",687515,2026,121,79,0.202,0.182,0.020000000000000018,0.333,0.357,-0.024,0.25,0.248,0.002
"Culpepper, Kaelen",701785,2026,120,85,0.275,0.245,0.030000000000000027,0.404,0.365,0.039000000000000035,0.326,0.298,0.028000000000000025
"Thomas, Alek",677950,2026,120,87,0.186,0.232,-0.046,0.327,0.374,-0.047,0.244,0.282,-0.038
"Hill, Turner",806367,2026,118,84,0.22,0.248,-0.028,0.31,0.358,-0.048,0.284,0.317,-0.033
"Whitcomb, Shay",694376,2026,118,79,0.188,0.203,-0.015,0.321,0.366,-0.045,0.235,0.257,-0.022
"Murphy, Sean",669221,2026,117,70,0.17,0.2,-0.03,0.292,0.33,-0.038,0.245,0.271,-0.026
"Sosa, Lenyn",672820,2026,117,90,0.195,0.222,-0.027,0.283,0.345,-0.062,0.214,0.249,-0.035
"Yorke, Nick",694377,2026,117,80,0.212,0.235,-0.023,0.279,0.335,-0.056,0.258,0.289,-0.031
"Smith, Pavin",656976,2026,115,79,0.186,0.214,-0.028,0.304,0.321,-0.017,0.26,0.284,-0.024
"Ford, Harry",695670,2026,114,69,0.186,0.184,0.002,0.34,0.323,0.017000000000000015,0.295,0.288,0.007
"Benson, Will",666181,2026,114,58,0.188,0.189,-0.001,0.333,0.355,-0.022,0.29,0.3,-0.01
"Velázquez, Nelson",676369,2026,112,64,0.19,0.233,-0.043,0.41,0.489,-0.079,0.289,0.341,-0.052
"Bader, Harrison",664056,2026,111,73,0.17,0.215,-0.045,0.358,0.367,-0.009,0.239,0.272,-0.033
"Lockridge, Brandon",663604,2026,111,68,0.273,0.216,0.057,0.313,0.262,0.051,0.302,0.258,0.043999999999999984
"Pereira, Everson",677592,2026,111,63,0.235,0.205,0.03,0.439,0.4,0.039,0.327,0.299,0.028000000000000025
"Rojas, Josh",668942,2026,110,88,0.238,0.187,0.051,0.337,0.261,0.076,0.272,0.22,0.052
"Bericoto, Victor",682674,2026,109,76,0.236,0.233,0.003,0.415,0.454,-0.039,0.29,0.301,-0.011
"Báez, Joshua",695491,2026,108,68,0.23,0.212,0.018000000000000016,0.51,0.446,0.064,0.335,0.303,0.032
"Callihan, Tyler",682997,2026,107,59,0.211,0.185,0.025999999999999995,0.389,0.296,0.093,0.294,0.252,0.042
"Brito, Juan",682877,2026,107,76,0.263,0.247,0.016000000000000014,0.414,0.383,0.030999999999999972,0.316,0.297,0.019000000000000017
"Morel, Christopher",666624,2026,105,63,0.173,0.173,0,0.245,0.234,0.010999999999999982,0.216,0.211,0.005
"McAdoo, Charles",807727,2026,102,70,0.255,0.241,0.014000000000000012,0.362,0.335,0.027,0.295,0.279,0.016
"Perkins, Blake",663368,2026,101,68,0.157,0.196,-0.039,0.258,0.295,-0.037,0.236,0.264,-0.028
"Urías, Ramón",602104,2026,100,69,0.151,0.191,-0.04,0.326,0.381,-0.055,0.265,0.302,-0.037
"Hays, Austin",669720,2026,100,71,0.271,0.284,-0.013,0.396,0.392,0.004,0.294,0.298,-0.004
"Bowen, Jase",687749,2026,99,55,0.151,0.197,-0.046,0.258,0.327,-0.069,0.202,0.248,-0.046
"Naylor, Bo",666310,2026,98,67,0.154,0.216,-0.062,0.275,0.4,-0.125,0.22,0.293,-0.073
"Pereda, Jhonny",640902,2026,97,69,0.287,0.3,-0.013,0.368,0.396,-0.028,0.322,0.341,-0.019
"Fraley, Jake",641584,2026,97,59,0.216,0.196,0.02,0.364,0.331,0.032999999999999974,0.29,0.27,0.019999999999999962
"Stanton, Giancarlo",519317,2026,96,61,0.256,0.245,0.011,0.422,0.466,-0.044,0.316,0.326,-0.01
"Marchán, Rafael",665561,2026,95,76,0.099,0.176,-0.077,0.165,0.241,-0.076,0.139,0.202,-0.063
"Bernal, Leo",699024,2026,94,67,0.292,0.279,0.012999999999999956,0.461,0.483,-0.022,0.345,0.344,0.001
"Freeman, Cody",683227,2026,94,72,0.253,0.188,0.065,0.325,0.242,0.083,0.292,0.233,0.059
"Sánchez, Ali",645305,2026,92,63,0.244,0.239,0.005,0.302,0.306,-0.004,0.258,0.256,0.002
"Escarra, J.C.",641555,2026,92,68,0.188,0.206,-0.018,0.271,0.308,-0.037,0.228,0.257,-0.029
"Durán, Rodolfo",660710,2026,91,59,0.146,0.18,-0.034,0.305,0.323,-0.018,0.236,0.257,-0.021
"Shewmake, Braden",669699,2026,91,73,0.259,0.246,0.013000000000000012,0.424,0.411,0.013000000000000012,0.296,0.294,0.002
"Watson, Kahlil",696135,2026,91,56,0.239,0.209,0.03,0.341,0.33,0.011,0.266,0.246,0.020000000000000018
"Roden, Alan",702176,2026,91,68,0.286,0.29,-0.004,0.377,0.406,-0.029,0.332,0.351,-0.019
"McCray, Grant",687529,2026,90,52,0.145,0.213,-0.068,0.276,0.355,-0.079,0.239,0.295,-0.056
"Hernández, Enrique",571771,2026,90,57,0.226,0.218,0.008,0.381,0.343,0.038,0.29,0.271,0.019
"Wynns, Austin",642851,2026,89,60,0.146,0.2,-0.054,0.183,0.29,-0.107,0.176,0.24,-0.064
"Rincones Jr., Gabriel",687282,2026,89,56,0.167,0.15,0.017000000000000015,0.286,0.276,0.01,0.215,0.205,0.010000000000000009
"Amador, Adael",691182,2026,87,66,0.276,0.199,0.077,0.5,0.309,0.191,0.371,0.27,0.10099999999999998
"Schuemann, Max",680474,2026,87,51,0.194,0.203,-0.009,0.361,0.336,0.024999999999999967,0.317,0.312,0.005
"Fulford, Braxton",690924,2026,85,42,0.176,0.138,0.038,0.27,0.226,0.044,0.242,0.209,0.033
"Jenkins, Walker",805805,2026,85,59,0.224,0.244,-0.02,0.408,0.409,-0.001,0.311,0.319,-0.008
"Clarke, Denzel",672016,2026,84,48,0.151,0.161,-0.01,0.164,0.185,-0.021,0.194,0.206,-0.012
"Haase, Eric",606992,2026,84,49,0.162,0.184,-0.022,0.365,0.36,0.005,0.264,0.271,-0.007
"d'Arnaud, Travis",518595,2026,84,52,0.158,0.152,0.006,0.237,0.281,-0.044,0.222,0.234,-0.012
"Dezenzo, Zach",701305,2026,83,44,0.211,0.191,0.02,0.303,0.294,0.009,0.262,0.248,0.014000000000000012
"Kelenic, Jarred",672284,2026,83,42,0.219,0.231,-0.012,0.288,0.431,-0.143,0.279,0.331,-0.052
"McCutchen, Andrew",457705,2026,83,52,0.192,0.164,0.027999999999999997,0.26,0.265,-0.005,0.249,0.237,0.012
"Wiemer, Joey",686894,2026,83,41,0.286,0.217,0.069,0.514,0.349,0.16500000000000004,0.397,0.315,0.082
"Serven, Brian",661531,2026,82,57,0.179,0.218,-0.039,0.385,0.372,0.013000000000000012,0.262,0.274,-0.012
"De La Cruz, Bryan",650559,2026,82,58,0.288,0.246,0.042,0.425,0.355,0.07,0.335,0.296,0.039000000000000035
"Veen, Zac",691728,2026,79,40,0.232,0.194,0.038000000000000006,0.435,0.338,0.097,0.327,0.275,0.052
"Knizner, Andrew",668800,2026,78,58,0.225,0.218,0.007,0.366,0.339,0.027,0.295,0.281,0.013999999999999957
"Callahan, Brett",814430,2026,77,45,0.217,0.217,0,0.333,0.386,-0.053,0.276,0.298,-0.022
"Thompson, Sterlin",694514,2026,77,48,0.232,0.219,0.013000000000000012,0.377,0.357,0.020000000000000018,0.308,0.295,0.013000000000000012
"Peck, John",807726,2026,77,50,0.169,0.228,-0.059,0.185,0.358,-0.173,0.233,0.32,-0.087
"Slater, Austin",596103,2026,74,45,0.231,0.182,0.049000000000000016,0.277,0.236,0.041000000000000036,0.271,0.235,0.036
"Jackson, Alex",656577,2026,73,45,0.304,0.187,0.11699999999999999,0.406,0.258,0.14800000000000002,0.331,0.222,0.10900000000000001
"Gonzalez, Romy",663853,2026,73,45,0.185,0.231,-0.046,0.308,0.335,-0.027,0.259,0.289,-0.03
"Rodden, Brock",801126,2026,72,38,0.197,0.135,0.062,0.279,0.227,0.052,0.271,0.233,0.038000000000000006
"Hinds, Rece",677956,2026,71,33,0.143,0.134,0.009,0.222,0.174,0.048000000000000015,0.198,0.184,0.014000000000000012
"Kuroda-Grauer, Joshua",811965,2026,69,56,0.379,0.295,0.084,0.53,0.387,0.14300000000000002,0.408,0.313,0.095
"Teodosio, Bryce",669326,2026,68,39,0.194,0.163,0.031,0.226,0.227,-0.001,0.223,0.209,0.014000000000000012
"Cauley, Cam",695508,2026,65,44,0.207,0.192,0.014999999999999986,0.345,0.238,0.10699999999999998,0.279,0.235,0.044
"Madrigal, Nick",663611,2026,63,52,0.278,0.238,0.040000000000000036,0.315,0.291,0.024,0.313,0.293,0.020000000000000018
"Stubbs, Garrett",596117,2026,63,45,0.155,0.18,-0.025,0.155,0.218,-0.063,0.172,0.205,-0.033
"Simon, Ronny",682927,2026,63,49,0.276,0.274,0.002,0.379,0.394,-0.015,0.311,0.316,-0.005
"Pozo, Yohel",650968,2026,62,52,0.25,0.253,-0.003,0.317,0.313,0.004,0.251,0.252,-0.001
"Short, Zack",670097,2026,62,34,0.14,0.159,-0.019,0.18,0.269,-0.089,0.218,0.256,-0.038
"Keys, Sean",815873,2026,61,37,0.2,0.209,-0.009,0.345,0.34,0.005,0.257,0.259,-0.002
"Ward, Ryan",669899,2026,60,38,0.218,0.239,-0.021,0.455,0.424,0.031000000000000028,0.319,0.316,0.003
"Espinal, Santiago",669289,2026,60,51,0.268,0.285,-0.017,0.375,0.374,0.001,0.282,0.29,-0.008
"Franklin, Christian",681047,2026,59,35,0.18,0.192,-0.012,0.22,0.315,-0.095,0.256,0.291,-0.035
"Urías, Luis",649966,2026,59,43,0.25,0.237,0.013000000000000012,0.481,0.351,0.13,0.345,0.299,0.045999999999999985
"Navarreto, Brian",640459,2026,58,34,0.14,0.128,0.012,0.26,0.193,0.067,0.207,0.178,0.028999999999999998
"Eaton, Nate",681987,2026,58,33,0.146,0.175,-0.029,0.25,0.289,-0.039,0.262,0.285,-0.023
"Rodriguez, Jesus",683679,2026,58,44,0.235,0.267,-0.032,0.412,0.355,0.056999999999999995,0.322,0.315,0.007
"India, Jonathan",663697,2026,58,35,0.167,0.173,-0.006,0.313,0.289,0.024,0.291,0.284,0.007
"Rivero, Sebastián",665861,2026,56,42,0.25,0.261,-0.011,0.288,0.304,-0.016,0.262,0.272,-0.01
"Montes, Lazaro",703155,2026,55,25,0.204,0.192,0.011999999999999983,0.469,0.444,0.024999999999999967,0.329,0.313,0.016000000000000014
"Mauricio, Ronny",677595,2026,54,33,0.173,0.176,-0.003,0.25,0.289,-0.039,0.203,0.218,-0.015
"Groover, LuJames",694410,2026,54,37,0.167,0.215,-0.048,0.271,0.328,-0.057,0.245,0.286,-0.041
"Spence, Lucas",828599,2026,53,29,0.188,0.193,-0.005,0.396,0.382,0.014000000000000012,0.29,0.286,0.004
"Cook, Billy",695257,2026,53,31,0.176,0.14,0.035999999999999976,0.235,0.194,0.041,0.198,0.166,0.032
"Cole, Zach",805904,2026,53,30,0.157,0.209,-0.052,0.353,0.438,-0.085,0.234,0.289,-0.055
"Wagaman, Eric",676572,2026,52,35,0.191,0.227,-0.036,0.319,0.362,-0.043,0.266,0.296,-0.03
"Tromp, Chadwick",644433,2026,51,38,0.163,0.174,-0.011,0.184,0.217,-0.033,0.15,0.17,-0.02
"Garcia, Jhostynxon",691373,2026,51,32,0.163,0.211,-0.048,0.184,0.301,-0.117,0.175,0.24,-0.065
"Arcia, Orlando",606115,2026,50,40,0.271,0.223,0.048000000000000015,0.354,0.298,0.055999999999999994,0.29,0.245,0.044999999999999984
"Wisdom, Patrick",621550,2026,50,26,0.106,0.158,-0.052,0.191,0.359,-0.168,0.151,0.236,-0.085
"Hicklen, Brewer",,2026,50,,,,,,,,0.359,0.313,
