name,id,total_runs,inf_of_runs,range_runs,arm_runs,dp_runs,fielding_runs_prevented_on_rec1b,catching_runs,framing_runs,throwing_runs,blocking_runs,tot_plays
CHC,112,69.81899377132476,70.53744802398008,59.00072954071056,13.453880131463494,-0.267775106,-1.649386542,-0.718454253,0.6848223711507408,-2.659235246,1.2559586224087362,23946
STL,138,45.44522850381154,40.24455666796849,28.005504262422896,-4.112489693,9.687158682161993,6.664383416068463,5.200671835843071,7.532095869514434,-1.567665677,-0.763758357,24697
TOR,141,44.346209150156064,16.617945813915263,11.13631772300657,4.625645515173209,0.11895280824806403,0.7370297674874275,27.72826333624076,18.561692073184652,5.551184667364329,3.6153865956917857,24367
SDP,135,37.13021518641551,30.68716482,13.384273730601956,9.401116892,4.141360330978058,3.7604138664419575,6.443050367,-3.657442945,8.298848646092463,1.801644665443136,24135
ARI,109,35.627467089634344,33.414025083452465,35.38637861,-5.398487988,4.734701175952933,-1.308566716,2.2134420061818822,0.9775611048411557,-0.515911858,1.7517927591141123,23407
BOS,111,23.37213585691281,26.91599045810449,18.66278515964406,6.078196996269511,1.597763386615073,0.5772449155758328,-3.543854601,-2.624621313,-2.265371517,1.346138228862027,22955
ATL,144,18.315304999777883,21.527724325795393,15.809285911503355,6.629371693680062,-1.978482105,1.0675488252414165,-3.212419326,1.8457536927367397,-6.807429924,1.7492569053703457,23434
CLE,114,12.858676265291576,15.365198721255156,7.148807022276849,6.068853407459022,-0.389778799,2.5373170901118165,-2.506522456,2.3503145177437967,-1.382251323,-3.474585651,24149
KCR,118,12.455847864397795,13.259989141667349,12.096165884036617,3.4405589570684314,-1.23763093,-1.03910477,-0.804141277,-0.587960692,2.259029327430079,-2.475209913,23981
TBR,139,9.843218817257572,5.475084159272919,10.518116821059799,-3.316361732,0.6357589257133601,-2.362429855,4.368134657984655,5.2296536124733395,0.48174001565120705,-1.34325897,22740
CHW,145,9.256025401315178,16.528931231362115,11.174533291953232,1.3125973153108677,6.718188784378983,-2.67638816,-7.27290583,-4.001869848,1.9823278518800425,-5.253363834,24561
NYY,147,8.924083342570178,-4.547485024,-4.916021696,-0.117752722,-1.258606035,1.7448954288185368,13.471568366318035,12.392460164329156,-1.769029158,2.848137359788308,23962
LAD,119,7.309500241,15.363129294813978,10.518746982812555,2.3722291188971036,-0.023355949,2.4955091422952806,-8.053629054,-5.033508,-1.519406545,-1.500714509,23373
MIL,158,6.689501150867237,14.086014305849215,13.986033860248277,-2.983207577,6.027067502580754,-2.94387948,-7.396513155,-7.335503716,2.6720241959298896,-2.733033634,23788
MIA,146,4.370710936227371,-1.549674076,7.665810738937299,-8.130050034,-0.123256628,-0.962178153,5.920385012377622,0.40122160816229646,7.181219881318504,-1.662056477,23814
NYM,121,0.6420010787105712,-8.158794492,-15.91008759,9.819819305956857,-3.995180846,1.926654635630929,8.800795570804423,6.4611793147414485,3.7824715204067334,-1.442855264,24121
TEX,140,-0.015329064,5.142462719318468,17.14649735621356,-8.067167893,-5.778730957,1.841864213206818,-5.157791783,-5.179630873,-2.474496616,2.4963357059768505,23661
WSN,120,-6.483799144,-6.944413003,-13.62051987,1.071065774726301,7.357969845464944,-1.752928753,0.46061385944071376,6.414050189340358,-3.467189109,-2.486247221,24784
HOU,117,-7.211968091,-7.372814359,-6.500429954,-5.03123279,3.169285465,0.989562919,0.16084626864454454,3.521137831,-1.097671318,-2.262620244,24860
CIN,113,-14.43602506,-7.827631732,1.1539452002154187,-6.790053125,-0.924502384,-1.267021423,-6.608393333,-8.747261997,-2.316617691,4.455486355,24954
DET,116,-14.88951676,-27.59670839,-30.42806004,-2.0922948,4.251048834344311,0.6725976119406851,12.707191630358754,7.892302815218065,2.4123594402443738,2.402529374896318,23213
BAL,110,-15.19939462,-20.03655654,-13.37672179,-0.595999799,-1.991173924,-4.072661029,4.837161924734812,-4.269862082,4.504988837973499,4.602035168,24042
PHI,143,-16.30152042,-25.08439771,-11.11417809,-3.032949393,-4.468990423,-6.468279808,8.782877296873774,3.550667196876989,5.340790872014811,-0.108580772,24119
SFG,137,-18.43905639,-18.70056303,-14.08794458,-3.499253794,2.195095399387192,-3.308460055,0.2615066352729637,0.93532704,1.2556771672076081,-1.929497572,24144
PIT,134,-21.21576211,-19.84977217,-17.09593822,-5.160968323,2.587322701792158,-0.180188331,-1.365989942,-0.754523922,0.22232274016358924,-0.83378876,24497
MIN,142,-25.96321601,-16.83752908,-11.55713069,-3.89002338,-1.693815444,0.30344043503559015,-9.125686929,-1.822266114,-8.304148334,1.0007275196623886,24415
LAA,108,-35.49015815,-19.69358284,-27.63463146,2.1982190702492876,1.7591300632189055,3.983699481003657,-15.79657531,-10.84037789,-1.181408983,-3.774788439,25026
COL,115,-36.38498433,-25.802897,-25.52589349,-2.29683328,0.6741042554413857,1.345725522368499,-10.58208734,-6.807829128,-3.350842638,-0.423415572,24521
ATH,133,-41.34142412,-33.22229337,-34.55155638,-1.027957353,-0.058115676,2.4153360389128555,-8.119130751,-8.203073133,0.8202255842552839,-0.736283202,25103
SEA,136,-57.35518459,-47.09504547,-46.41923499,-0.268595267,-0.027416202,-0.379799006,-10.26013913,-9.071786022,-3.950003957,2.7616508515709475,23482
