player_name,team,PA,xwOBA,,,,,,,,,,AVG,xBA,SLG,xSLG,wOBA
Pete Alonso,BAL,281,0.439,,,,,,,,,,0.29,0.305,0.593,0.637,0.416
Mickey Gasper,BOS,106,0.435,,,,,,,,,,0.262,0.278,0.667,0.591,0.454
Fernando Tatis Jr.,SDP,283,0.435,,,,,,,,,,0.312,0.325,0.62,0.626,0.425
Will Smith,LAD,72,0.409,,,,,,,,,,0.288,0.295,0.559,0.544,0.412
Jackson Merrill,SDP,267,0.408,,,,,,,,,,0.301,0.311,0.57,0.614,0.383
Elly De La Cruz,CIN,287,0.399,,,,,,,,,,0.298,0.299,0.556,0.542,0.406
Riley Greene,DET,184,0.392,,,,,,,,,,0.27,0.268,0.509,0.553,0.371
Jahmai Jones,BOS,74,0.39,,,,,,,,,,0.317,0.253,0.603,0.538,0.438
Yordan Alvarez,HOU,262,0.39,,,,,,,,,,0.311,0.291,0.541,0.511,0.407
Pete Crow-Armstrong,CHC,307,0.388,,,,,,,,,,0.262,0.268,0.622,0.555,0.404
Drew Gilbert,SFG,173,0.381,,,,,,,,,,0.243,0.28,0.426,0.488,0.339
Coby Mayo,BAL,208,0.381,,,,,,,,,,0.27,0.261,0.54,0.571,0.376
Jake Bauers,MIL,224,0.377,,,,,,,,,,0.269,0.241,0.457,0.442,0.388
Ben Rice,NYY,277,0.374,,,,,,,,,,0.242,0.26,0.441,0.497,0.349
Zack Gelof,ATH,180,0.373,,,,,,,,,,0.233,0.254,0.484,0.533,0.348
Alec Bohm,PHI,247,0.373,,,,,,,,,,0.306,0.305,0.437,0.487,0.356
Vinnie Pasquantino,KCR,174,0.369,,,,,,,,,,0.288,0.272,0.529,0.5,0.385
Shohei Ohtani,LAD,204,0.368,,,,,,,,,,0.244,0.279,0.456,0.515,0.331
Rafael Devers,SFG,226,0.367,,,,,,,,,,0.275,0.248,0.611,0.496,0.413
Corey Seager,TEX,208,0.364,,,,,,,,,,0.271,0.276,0.468,0.515,0.347
Bryce Harper,PHI,275,0.363,,,,,,,,,,0.284,0.258,0.467,0.426,0.385
Salvador Perez,KCR,246,0.361,,,,,,,,,,0.259,0.283,0.442,0.512,0.325
Gabriel Moreno,ARI,270,0.36,,,,,,,,,,0.321,0.29,0.538,0.463,0.397
Ronald Acuña Jr.,ATL,228,0.36,,,,,,,,,,0.264,0.272,0.49,0.509,0.352
Juan Soto,NYM,138,0.359,,,,,,,,,,0.243,0.262,0.426,0.473,0.337
Brett Baty,NYM,137,0.359,,,,,,,,,,0.287,0.26,0.533,0.507,0.383
Eduardo Valencia,DET,118,0.359,,,,,,,,,,0.336,0.283,0.573,0.511,0.408
Bobby Witt Jr.,KCR,221,0.359,,,,,,,,,,0.274,0.284,0.405,0.471,0.333
Jac Caglianone,KCR,196,0.358,,,,,,,,,,0.33,0.296,0.535,0.505,0.388
Wilyer Abreu,BOS,277,0.358,,,,,,,,,,0.232,0.248,0.477,0.493,0.343
Drake Baldwin,ATL,291,0.358,,,,,,,,,,0.309,0.279,0.468,0.492,0.365
Alec Burleson,STL,268,0.358,,,,,,,,,,0.289,0.281,0.471,0.488,0.358
Jackson Chourio,MIL,282,0.357,,,,,,,,,,0.289,0.276,0.47,0.486,0.358
Nolan Schanuel,LAA,126,0.357,,,,,,,,,,0.276,0.302,0.352,0.406,0.326
Ryan Vilade,TBR,118,0.356,,,,,,,,,,0.223,0.272,0.379,0.449,0.311
Spencer Jones,NYY,207,0.355,,,,,,,,,,0.25,0.258,0.452,0.518,0.33
Steven Kwan,CLE,278,0.354,,,,,,,,,,0.346,0.307,0.418,0.38,0.385
Griffin Conine,MIA,224,0.354,,,,,,,,,,0.259,0.242,0.477,0.484,0.361
Seiya Suzuki,CHC,291,0.353,,,,,,,,,,0.272,0.239,0.486,0.433,0.384
James McCann,ARI,89,0.352,,,,,,,,,,0.329,0.276,0.512,0.494,0.382
Patrick Bailey,CLE,144,0.351,,,,,,,,,,0.232,0.277,0.376,0.447,0.307
Lawrence Butler,ATH,258,0.351,,,,,,,,,,0.28,0.256,0.502,0.454,0.373
Mookie Betts,LAD,262,0.35,,,,,,,,,,0.283,0.286,0.489,0.436,0.369
Colt Keith,DET,151,0.35,,,,,,,,,,0.282,0.285,0.435,0.405,0.356
Alan Roden,MIN,75,0.349,,,,,,,,,,0.302,0.293,0.413,0.394,0.349
Connor Norby,COL,142,0.349,,,,,,,,,,0.306,0.274,0.468,0.43,0.376
Thomas Saggese,STL,91,0.348,,,,,,,,,,0.278,0.275,0.43,0.444,0.336
Junior Caminero,TBR,285,0.348,,,,,,,,,,0.27,0.273,0.473,0.479,0.347
Willson Contreras,BOS,169,0.348,,,,,,,,,,0.254,0.215,0.463,0.396,0.385
Brady House,WSN,171,0.347,,,,,,,,,,0.265,0.281,0.397,0.444,0.327
TJ Rumfield,COL,246,0.347,,,,,,,,,,0.303,0.276,0.417,0.394,0.368
JJ Wetherholt,STL,208,0.347,,,,,,,,,,0.214,0.252,0.308,0.447,0.286
Tyrone Taylor,2 Tms,108,0.347,,,,,,,,,,0.347,0.275,0.611,0.449,0.432
Luke Keaschall,MIN,256,0.347,,,,,,,,,,0.313,0.272,0.475,0.408,0.385
Mike Trout,LAA,275,0.346,,,,,,,,,,0.252,0.248,0.363,0.404,0.333
Kyle Schwarber,PHI,277,0.346,,,,,,,,,,0.197,0.222,0.417,0.437,0.328
Dominic Canzone,SEA,269,0.346,,,,,,,,,,0.264,0.27,0.446,0.465,0.339
Gunnar Henderson,BAL,263,0.346,,,,,,,,,,0.23,0.26,0.407,0.419,0.329
Daylen Lile,WSN,244,0.345,,,,,,,,,,0.254,0.261,0.491,0.501,0.336
Bryce Eldridge,SFG,231,0.345,,,,,,,,,,0.268,0.251,0.455,0.432,0.359
Miguel Vargas,CHW,290,0.345,,,,,,,,,,0.259,0.25,0.453,0.433,0.358
Matt Olson,ATL,275,0.345,,,,,,,,,,0.23,0.243,0.464,0.495,0.326
Carter Jensen,KCR,252,0.345,,,,,,,,,,0.238,0.216,0.523,0.469,0.373
Kevin McGonigle,DET,286,0.344,,,,,,,,,,0.267,0.257,0.433,0.449,0.344
Leo Bernal,STL,94,0.344,,,,,,,,,,0.292,0.279,0.461,0.483,0.345
Eugenio Suárez,CIN,227,0.344,,,,,,,,,,0.216,0.214,0.489,0.441,0.356
Randy Arozarena,SEA,282,0.343,,,,,,,,,,0.272,0.247,0.515,0.408,0.388
Oneil Cruz,PIT,135,0.343,,,,,,,,,,0.316,0.245,0.521,0.438,0.403
Garrett Mitchell,MIL,215,0.342,,,,,,,,,,0.246,0.274,0.358,0.413,0.312
Corbin Carroll,ARI,265,0.342,,,,,,,,,,0.218,0.25,0.454,0.463,0.321
Andrés Chaparro,WSN,159,0.342,,,,,,,,,,0.293,0.236,0.579,0.456,0.41
Juan Brito,CIN,51,0.342,,,,,,,,,,0.354,0.291,0.583,0.485,0.407
Victor Mesa Jr.,TBR,149,0.342,,,,,,,,,,0.27,0.256,0.54,0.483,0.37
Jacob Young,WSN,179,0.342,,,,,,,,,,0.302,0.269,0.43,0.398,0.362
Alex Bregman,CHC,266,0.342,,,,,,,,,,0.291,0.266,0.59,0.421,0.41
Bryson Stott,PHI,247,0.341,,,,,,,,,,0.25,0.267,0.385,0.389,0.334
Andy Pages,LAD,154,0.341,,,,,,,,,,0.29,0.285,0.449,0.412,0.359
Josh Jung,TEX,68,0.341,,,,,,,,,,0.306,0.265,0.516,0.464,0.374
Cal Raleigh,SEA,240,0.341,,,,,,,,,,0.19,0.202,0.44,0.445,0.335
Rafael Flores Jr.,PIT,147,0.34,,,,,,,,,,0.261,0.239,0.522,0.494,0.363
Teoscar Hernández,LAD,234,0.34,,,,,,,,,,0.294,0.271,0.467,0.451,0.358
Chase DeLauter,CLE,221,0.34,,,,,,,,,,0.302,0.27,0.458,0.404,0.372
Willi Castro,COL,157,0.34,,,,,,,,,,0.259,0.249,0.496,0.464,0.356
Lars Nootbaar,2 Tms,204,0.34,,,,,,,,,,0.23,0.245,0.362,0.429,0.311
Geraldo Perdomo,ARI,280,0.339,,,,,,,,,,0.292,0.273,0.412,0.377,0.357
Josh Bell,MIN,248,0.338,,,,,,,,,,0.265,0.261,0.393,0.423,0.323
Xander Bogaerts,SDP,239,0.337,,,,,,,,,,0.239,0.26,0.348,0.381,0.314
Manny Machado,SDP,280,0.337,,,,,,,,,,0.231,0.253,0.38,0.419,0.31
Liam Hicks,2 Tms,202,0.336,,,,,,,,,,0.267,0.277,0.384,0.362,0.338
Blaze Jordan,STL,116,0.336,,,,,,,,,,0.255,0.282,0.4,0.456,0.303
Shea Langeliers,ATH,74,0.335,,,,,,,,,,0.294,0.278,0.456,0.432,0.354
Braden Montgomery,CHW,244,0.335,,,,,,,,,,0.224,0.259,0.332,0.4,0.296
Ty France,SDP,261,0.335,,,,,,,,,,0.319,0.261,0.518,0.424,0.392
Donovan Walton,ATH,165,0.335,,,,,,,,,,0.233,0.231,0.429,0.354,0.36
Rhys Hoskins,CLE,54,0.335,,,,,,,,,,0.184,0.206,0.429,0.506,0.299
Roman Anthony,BOS,110,0.334,,,,,,,,,,0.267,0.261,0.485,0.447,0.351
Munetaka Murakami,CHW,285,0.334,,,,,,,,,,0.188,0.193,0.432,0.425,0.334
Alejandro Kirk,TOR,210,0.334,,,,,,,,,,0.321,0.286,0.473,0.4,0.375
Jakob Marsee,MIA,223,0.333,,,,,,,,,,0.293,0.257,0.473,0.37,0.383
Freddie Freeman,LAD,246,0.333,,,,,,,,,,0.29,0.289,0.344,0.399,0.307
Brice Turang,MIL,256,0.332,,,,,,,,,,0.271,0.248,0.417,0.387,0.354
Christian Encarnacion-St...,BAL,213,0.332,,,,,,,,,,0.277,0.248,0.513,0.483,0.358
Bo Bichette,NYM,273,0.332,,,,,,,,,,0.269,0.274,0.418,0.418,0.329
Isaac Paredes,HOU,266,0.332,,,,,,,,,,0.269,0.251,0.48,0.381,0.372
Bryan Reynolds,PIT,271,0.331,,,,,,,,,,0.225,0.244,0.338,0.428,0.29
Henry Bolte,ATH,263,0.33,,,,,,,,,,0.289,0.259,0.453,0.399,0.364
Kyle Karros,COL,144,0.33,,,,,,,,,,0.24,0.244,0.376,0.393,0.319
Wyatt Langford,TEX,271,0.33,,,,,,,,,,0.21,0.224,0.371,0.368,0.323
Sal Stewart,CIN,277,0.33,,,,,,,,,,0.279,0.262,0.446,0.458,0.331
Nico Hoerner,CHC,267,0.33,,,,,,,,,,0.31,0.319,0.389,0.4,0.32
William Contreras,MIL,252,0.33,,,,,,,,,,0.251,0.235,0.447,0.44,0.337
Kyle Teel,CHW,79,0.329,,,,,,,,,,0.197,0.182,0.377,0.373,0.336
Carson Benge,NYM,258,0.329,,,,,,,,,,0.297,0.262,0.461,0.42,0.361
Jake McCarthy,COL,280,0.329,,,,,,,,,,0.284,0.288,0.441,0.421,0.33
Kody Clemens,MIN,243,0.329,,,,,,,,,,0.234,0.247,0.437,0.453,0.317
Kazuma Okamoto,TOR,247,0.328,,,,,,,,,,0.228,0.233,0.438,0.445,0.319
Heriberto Hernández,MIA,269,0.328,,,,,,,,,,0.215,0.226,0.384,0.427,0.309
Yainer Diaz,HOU,177,0.327,,,,,,,,,,0.314,0.285,0.503,0.436,0.368
Kyle Stowers,MIA,207,0.327,,,,,,,,,,0.24,0.211,0.464,0.442,0.349
Jake Burger,TEX,239,0.326,,,,,,,,,,0.215,0.215,0.416,0.443,0.317
Hao-Yu Lee,DET,198,0.326,,,,,,,,,,0.27,0.245,0.454,0.423,0.345
Jo Adell,2 Tms,252,0.326,,,,,,,,,,0.229,0.243,0.399,0.436,0.309
Michael Conforto,CHC,149,0.326,,,,,,,,,,0.23,0.23,0.444,0.421,0.332
Christian Yelich,MIL,218,0.325,,,,,,,,,,0.228,0.242,0.383,0.409,0.301
Ben Malgeri,DET,109,0.324,,,,,,,,,,0.245,0.245,0.447,0.372,0.351
Kyle Tucker,LAD,237,0.324,,,,,,,,,,0.216,0.243,0.407,0.4,0.315
Tim Tawa,ARI,244,0.324,,,,,,,,,,0.24,0.252,0.394,0.446,0.299
Austin Riley,ATL,236,0.324,,,,,,,,,,0.247,0.238,0.433,0.464,0.317
Hunter Feduccia,2 Tms,108,0.323,,,,,,,,,,0.217,0.252,0.304,0.369,0.289
Joc Pederson,TEX,138,0.323,,,,,,,,,,0.236,0.22,0.537,0.446,0.364
CJ Abrams,WSN,251,0.323,,,,,,,,,,0.243,0.238,0.482,0.431,0.344
Nick Gonzales,PIT,231,0.323,,,,,,,,,,0.292,0.273,0.383,0.384,0.334
J.T. Realmuto,PHI,204,0.322,,,,,,,,,,0.206,0.255,0.311,0.397,0.266
Austin Wells,NYY,168,0.322,,,,,,,,,,0.229,0.213,0.436,0.373,0.349
Dylan Crews,WSN,246,0.322,,,,,,,,,,0.234,0.239,0.401,0.421,0.311
Max Muncy,LAD,220,0.322,,,,,,,,,,0.234,0.222,0.484,0.427,0.349
Max Clark,DET,197,0.322,,,,,,,,,,0.281,0.271,0.433,0.354,0.348
Jung Hoo Lee,SFG,228,0.322,,,,,,,,,,0.236,0.282,0.365,0.387,0.293
Luis Torrens,NYM,99,0.322,,,,,,,,,,0.278,0.251,0.556,0.445,0.375
Tristan Peters,CHW,211,0.321,,,,,,,,,,0.219,0.233,0.388,0.387,0.315
Zach Neto,LAA,271,0.321,,,,,,,,,,0.252,0.234,0.421,0.414,0.333
Petey Halpin,CLE,125,0.321,,,,,,,,,,0.248,0.273,0.381,0.416,0.298
Francisco Lindor,NYM,288,0.321,,,,,,,,,,0.23,0.227,0.447,0.422,0.332
Konnor Griffin,PIT,84,0.32,,,,,,,,,,0.241,0.296,0.342,0.387,0.278
John Peck,DET,77,0.32,,,,,,,,,,0.169,0.228,0.185,0.358,0.233
Chase Meidroth,CHW,249,0.32,,,,,,,,,,0.284,0.249,0.468,0.385,0.364
Sam Antonacci,CHW,245,0.32,,,,,,,,,,0.259,0.264,0.363,0.345,0.324
Luis Robert Jr.,2 Tms,132,0.32,,,,,,,,,,0.218,0.235,0.462,0.447,0.318
Iván Herrera,STL,286,0.319,,,,,,,,,,0.238,0.249,0.381,0.391,0.31
Andrew Vaughn,MIL,160,0.319,,,,,,,,,,0.3,0.249,0.414,0.374,0.356
Walker Jenkins,MIN,85,0.319,,,,,,,,,,0.224,0.244,0.408,0.409,0.311
Yandy Díaz,TBR,288,0.319,,,,,,,,,,0.249,0.265,0.381,0.415,0.296
Luis Rengifo,SDP,143,0.319,,,,,,,,,,0.296,0.261,0.416,0.357,0.357
Nathaniel Lowe,2 Tms,196,0.318,,,,,,,,,,0.256,0.27,0.426,0.411,0.313
Tyler Stephenson,CIN,207,0.318,,,,,,,,,,0.25,0.222,0.467,0.417,0.345
Otto Lopez,MIA,272,0.317,,,,,,,,,,0.256,0.269,0.331,0.375,0.291
Turner Hill,SFG,118,0.317,,,,,,,,,,0.22,0.249,0.31,0.358,0.284
Jared Young,NYM,185,0.317,,,,,,,,,,0.281,0.258,0.431,0.388,0.337
Luis Campusano,SDP,164,0.317,,,,,,,,,,0.252,0.233,0.371,0.376,0.325
James Wood,WSN,161,0.316,,,,,,,,,,0.226,0.243,0.321,0.355,0.292
Ronny Simon,PIT,63,0.316,,,,,,,,,,0.276,0.274,0.379,0.393,0.312
Mike Yastrzemski,ATL,138,0.316,,,,,,,,,,0.226,0.246,0.427,0.394,0.316
Brandon Lowe,PIT,250,0.316,,,,,,,,,,0.283,0.229,0.493,0.415,0.368
Julio Rodríguez,SEA,271,0.315,,,,,,,,,,0.235,0.254,0.377,0.398,0.291
Adam Frazier,LAA,54,0.315,,,,,,,,,,0.292,0.306,0.375,0.383,0.308
Vladimir Guerrero Jr.,TOR,218,0.315,,,,,,,,,,0.262,0.272,0.361,0.396,0.299
Victor Bericoto,SFG,50,0.315,,,,,,,,,,0.167,0.252,0.25,0.451,0.201
Jarren Duran,BOS,230,0.314,,,,,,,,,,0.23,0.258,0.383,0.404,0.284
Colton Cowser,BAL,161,0.314,,,,,,,,,,0.243,0.235,0.4,0.367,0.327
Lazaro Montes,SEA,55,0.313,,,,,,,,,,0.204,0.192,0.469,0.444,0.329
Wade Meckler,LAA,190,0.313,,,,,,,,,,0.305,0.266,0.377,0.341,0.344
Dansby Swanson,CHC,126,0.313,,,,,,,,,,0.223,0.243,0.366,0.376,0.302
Luis García Jr.,2 Tms,224,0.313,,,,,,,,,,0.268,0.247,0.474,0.451,0.332
Javier Sanoja,MIA,238,0.312,,,,,,,,,,0.32,0.288,0.507,0.391,0.371
Masataka Yoshida,BOS,96,0.312,,,,,,,,,,0.294,0.256,0.435,0.374,0.341
Michael Busch,CHC,283,0.311,,,,,,,,,,0.248,0.235,0.396,0.388,0.322
Michael Harris II,ATL,263,0.311,,,,,,,,,,0.282,0.276,0.48,0.427,0.335
Gleyber Torres,DET,230,0.311,,,,,,,,,,0.244,0.25,0.338,0.349,0.306
Francisco Alvarez,NYM,184,0.311,,,,,,,,,,0.211,0.212,0.385,0.403,0.304
Keibert Ruiz,WSN,139,0.31,,,,,,,,,,0.295,0.27,0.419,0.385,0.335
Nick Sogard,BOS,232,0.309,,,,,,,,,,0.254,0.247,0.388,0.36,0.324
Austin Hays,SDP,56,0.309,,,,,,,,,,0.302,0.282,0.453,0.414,0.334
Ryan Waldschmidt,ARI,156,0.309,,,,,,,,,,0.261,0.242,0.388,0.36,0.324
Esmerlyn Valdez,PIT,182,0.308,,,,,,,,,,0.184,0.174,0.381,0.351,0.32
Troy Johnston,COL,131,0.308,,,,,,,,,,0.231,0.264,0.35,0.364,0.288
Ketel Marte,ARI,210,0.308,,,,,,,,,,0.231,0.239,0.374,0.371,0.305
José Fermín,STL,192,0.308,,,,,,,,,,0.244,0.262,0.329,0.349,0.289
Randal Grichuk,CHW,128,0.308,,,,,,,,,,0.339,0.269,0.62,0.424,0.41
George Springer,TOR,222,0.307,,,,,,,,,,0.286,0.251,0.438,0.389,0.342
Cole Carrigg,COL,244,0.307,,,,,,,,,,0.276,0.251,0.444,0.399,0.337
Graham Pauley,MIA,53,0.307,,,,,,,,,,0.277,0.239,0.532,0.418,0.365
JJ Bleday,CIN,253,0.307,,,,,,,,,,0.183,0.212,0.311,0.375,0.274
Spencer Torkelson,DET,235,0.307,,,,,,,,,,0.27,0.206,0.48,0.37,0.371
Luis Arraez,2 Tms,253,0.307,,,,,,,,,,0.281,0.29,0.357,0.378,0.292
Michael Massey,KCR,202,0.307,,,,,,,,,,0.286,0.269,0.438,0.412,0.323
Jeremy Peña,HOU,255,0.306,,,,,,,,,,0.257,0.244,0.49,0.422,0.339
Travis Bazzana,CLE,227,0.306,,,,,,,,,,0.249,0.229,0.416,0.355,0.334
Trent Grisham,NYY,181,0.306,,,,,,,,,,0.17,0.221,0.352,0.383,0.273
Heliot Ramos,2 Tms,207,0.305,,,,,,,,,,0.209,0.224,0.341,0.375,0.287
Byron Buxton,MIN,73,0.305,,,,,,,,,,0.172,0.24,0.203,0.352,0.225
Ian Happ,CHC,234,0.305,,,,,,,,,,0.22,0.213,0.39,0.355,0.321
Jeff McNeil,ATH,219,0.305,,,,,,,,,,0.319,0.283,0.464,0.383,0.354
Willy Adames,SFG,121,0.304,,,,,,,,,,0.231,0.219,0.435,0.382,0.329
Brett Bateman,TOR,173,0.304,,,,,,,,,,0.318,0.259,0.411,0.328,0.359
Brett Sullivan,COL,100,0.304,,,,,,,,,,0.237,0.254,0.409,0.385,0.298
Tyler O'Neill,BAL,85,0.304,,,,,,,,,,0.247,0.226,0.429,0.392,0.328
Nolan Arenado,ARI,244,0.304,,,,,,,,,,0.271,0.226,0.56,0.378,0.388
Angel Martínez,CLE,165,0.304,,,,,,,,,,0.29,0.259,0.523,0.403,0.364
Ryan Jeffers,MIN,208,0.303,,,,,,,,,,0.223,0.226,0.397,0.375,0.308
Joshua Báez,STL,108,0.303,,,,,,,,,,0.23,0.212,0.51,0.446,0.335
Christian Walker,HOU,225,0.303,,,,,,,,,,0.2,0.225,0.346,0.402,0.273
Drew Cavanaugh,SFG,122,0.303,,,,,,,,,,0.226,0.245,0.283,0.339,0.275
Royce Lewis,MIN,245,0.303,,,,,,,,,,0.233,0.251,0.352,0.392,0.275
Edmundo Sosa,PHI,84,0.303,,,,,,,,,,0.288,0.254,0.488,0.404,0.35
Josh Naylor,SEA,252,0.302,,,,,,,,,,0.28,0.277,0.347,0.37,0.297
John Rave,KCR,136,0.301,,,,,,,,,,0.233,0.232,0.408,0.363,0.319
Jacob Gonzalez,PIT,123,0.301,,,,,,,,,,0.205,0.255,0.35,0.415,0.255
Amed Rosario,NYY,79,0.301,,,,,,,,,,0.237,0.258,0.303,0.41,0.253
Caleb Durbin,BOS,265,0.3,,,,,,,,,,0.274,0.233,0.361,0.295,0.338
Dustin Harris,SDP,90,0.3,,,,,,,,,,0.313,0.264,0.4,0.354,0.334
Dillon Dingler,DET,242,0.3,,,,,,,,,,0.216,0.237,0.36,0.393,0.28
Richie Palacios,TBR,162,0.299,,,,,,,,,,0.23,0.237,0.424,0.328,0.33
Hunter Goodman,COL,189,0.299,,,,,,,,,,0.227,0.214,0.488,0.424,0.327
Joey Ortiz,MIL,174,0.299,,,,,,,,,,0.329,0.249,0.532,0.356,0.391
Jonathan Aranda,TBR,254,0.299,,,,,,,,,,0.244,0.231,0.385,0.398,0.302
Zach McKinstry,DET,170,0.298,,,,,,,,,,0.207,0.245,0.293,0.322,0.273
Kaelen Culpepper,MIN,120,0.298,,,,,,,,,,0.275,0.245,0.404,0.365,0.326
Brett Callahan,DET,77,0.298,,,,,,,,,,0.217,0.217,0.333,0.386,0.276
George Lombard Jr.,NYY,166,0.298,,,,,,,,,,0.237,0.24,0.414,0.388,0.304
Anthony Seigler,BOS,88,0.298,,,,,,,,,,0.237,0.222,0.382,0.351,0.312
Jazz Chisholm Jr.,NYY,172,0.298,,,,,,,,,,0.25,0.227,0.408,0.368,0.323
Paul Goldschmidt,NYY,118,0.297,,,,,,,,,,0.238,0.244,0.362,0.37,0.289
Trevor Larnach,MIN,142,0.297,,,,,,,,,,0.231,0.242,0.408,0.363,0.309
Grant McCray,SFG,89,0.297,,,,,,,,,,0.147,0.214,0.28,0.358,0.242
Jared Triolo,PIT,144,0.297,,,,,,,,,,0.25,0.251,0.305,0.335,0.287
Masyn Winn,STL,175,0.296,,,,,,,,,,0.209,0.228,0.288,0.328,0.269
Trea Turner,PHI,275,0.296,,,,,,,,,,0.245,0.24,0.41,0.358,0.317
Bryan De La Cruz,PHI,82,0.296,,,,,,,,,,0.288,0.246,0.425,0.355,0.335
Justin Foscue,TEX,127,0.295,,,,,,,,,,0.263,0.231,0.432,0.389,0.327
Myles Straw,TOR,163,0.295,,,,,,,,,,0.253,0.248,0.356,0.339,0.304
A.J. Ewing,NYM,262,0.295,,,,,,,,,,0.235,0.241,0.316,0.358,0.276
Taylor Ward,2 Tms,167,0.295,,,,,,,,,,0.143,0.207,0.186,0.303,0.231
Matt Shaw,CHC,52,0.295,,,,,,,,,,0.22,0.188,0.415,0.324,0.332
Dylan Beavers,BAL,215,0.294,,,,,,,,,,0.226,0.217,0.39,0.383,0.302
Justin Crawford,PHI,170,0.294,,,,,,,,,,0.265,0.259,0.358,0.347,0.292
Cody Bellinger,NYY,159,0.294,,,,,,,,,,0.289,0.257,0.45,0.382,0.334
José Caballero,NYY,158,0.293,,,,,,,,,,0.194,0.229,0.302,0.341,0.259
Charles McAdoo,TOR,77,0.293,,,,,,,,,,0.29,0.252,0.391,0.339,0.329
J.P. Crawford,SEA,146,0.293,,,,,,,,,,0.217,0.212,0.308,0.312,0.295
Ryan Kreidler,MIN,125,0.293,,,,,,,,,,0.175,0.221,0.316,0.384,0.249
Jordan Lawlar,ARI,89,0.293,,,,,,,,,,0.229,0.231,0.47,0.398,0.32
Nathan Church,STL,209,0.293,,,,,,,,,,0.268,0.26,0.353,0.347,0.294
Nick Fortes,TBR,97,0.293,,,,,,,,,,0.273,0.251,0.477,0.354,0.349
Vaughn Grissom,LAA,254,0.293,,,,,,,,,,0.24,0.231,0.393,0.357,0.308
Agustín Ramírez,MIA,118,0.292,,,,,,,,,,0.248,0.228,0.381,0.332,0.318
Tommy White,ATH,190,0.292,,,,,,,,,,0.25,0.263,0.326,0.384,0.262
Danny Jansen,TEX,78,0.292,,,,,,,,,,0.239,0.221,0.418,0.361,0.322
Jordan Walker,STL,264,0.292,,,,,,,,,,0.238,0.229,0.381,0.384,0.296
Ezequiel Duran,TEX,264,0.292,,,,,,,,,,0.246,0.226,0.403,0.36,0.315
Christian Franklin,BAL,59,0.291,,,,,,,,,,0.18,0.192,0.22,0.315,0.256
David Hamilton,MIL,142,0.291,,,,,,,,,,0.248,0.258,0.333,0.333,0.288
Andrés Giménez,TOR,189,0.291,,,,,,,,,,0.264,0.253,0.356,0.362,0.294
Nolan Gorman,STL,67,0.29,,,,,,,,,,0.167,0.194,0.3,0.38,0.252
Samad Taylor,SDP,70,0.29,,,,,,,,,,0.295,0.219,0.426,0.3,0.347
Sean Murphy,ATL,103,0.29,,,,,,,,,,0.185,0.209,0.326,0.355,0.27
Leo Jiménez,MIA,71,0.289,,,,,,,,,,0.169,0.219,0.169,0.269,0.238
Cole Young,SEA,245,0.289,,,,,,,,,,0.228,0.231,0.357,0.35,0.291
Harry Ford,WSN,114,0.288,,,,,,,,,,0.186,0.184,0.34,0.323,0.295
Taylor Trammell,HOU,159,0.288,,,,,,,,,,0.168,0.173,0.328,0.36,0.276
Jose Siri,LAA,148,0.287,,,,,,,,,,0.221,0.218,0.36,0.395,0.278
Jorbit Vivas,WSN,153,0.287,,,,,,,,,,0.242,0.225,0.313,0.282,0.304
Luis Lara,MIL,190,0.286,,,,,,,,,,0.243,0.254,0.324,0.328,0.279
Lucas Spence,HOU,53,0.286,,,,,,,,,,0.188,0.193,0.396,0.382,0.29
David Fry,CLE,61,0.286,,,,,,,,,,0.173,0.178,0.327,0.321,0.286
Josh Lowe,LAA,154,0.285,,,,,,,,,,0.209,0.202,0.351,0.337,0.29
Carson Kelly,CHC,174,0.285,,,,,,,,,,0.238,0.24,0.344,0.337,0.288
Osleivis Basabe,SFG,142,0.285,,,,,,,,,,0.203,0.231,0.344,0.345,0.273
Angel Genao,CLE,134,0.285,,,,,,,,,,0.211,0.239,0.293,0.335,0.259
Cooper Pratt,MIL,169,0.285,,,,,,,,,,0.293,0.243,0.388,0.334,0.322
José Ramírez,CLE,225,0.285,,,,,,,,,,0.235,0.245,0.31,0.321,0.271
Freddy Fermin,SDP,99,0.285,,,,,,,,,,0.267,0.244,0.367,0.372,0.295
Nathan Lukes,TOR,227,0.285,,,,,,,,,,0.271,0.249,0.377,0.348,0.305
Jake Rogers,4 Tms,71,0.284,,,,,,,,,,0.138,0.183,0.224,0.288,0.245
Henry Davis,PIT,107,0.283,,,,,,,,,,0.167,0.198,0.244,0.327,0.243
Brandon Nimmo,TEX,262,0.283,,,,,,,,,,0.256,0.232,0.378,0.331,0.307
Mauricio Dubón,ATL,243,0.283,,,,,,,,,,0.289,0.263,0.351,0.339,0.298
Anthony Volpe,NYY,88,0.282,,,,,,,,,,0.244,0.229,0.354,0.366,0.281
Ceddanne Rafaela,BOS,206,0.281,,,,,,,,,,0.284,0.256,0.457,0.378,0.324
Andrew Knizner,SFG,78,0.281,,,,,,,,,,0.225,0.218,0.366,0.339,0.295
Ezequiel Tovar,COL,158,0.28,,,,,,,,,,0.252,0.23,0.378,0.356,0.299
Owen Caissie,MIA,84,0.28,,,,,,,,,,0.164,0.195,0.274,0.334,0.247
Bryan Torres,STL,113,0.28,,,,,,,,,,0.258,0.23,0.268,0.285,0.287
Alex Call,LAD,58,0.28,,,,,,,,,,0.188,0.196,0.25,0.245,0.28
Tyler Tolbert,KCR,84,0.28,,,,,,,,,,0.236,0.227,0.333,0.296,0.298
Andruw Monasterio,BOS,175,0.28,,,,,,,,,,0.242,0.221,0.333,0.314,0.291
Jesús Sánchez,2 Tms,81,0.279,,,,,,,,,,0.188,0.188,0.29,0.302,0.272
Nicky Lopez,TEX,140,0.279,,,,,,,,,,0.222,0.248,0.248,0.299,0.25
Marcus Semien,NYM,225,0.279,,,,,,,,,,0.215,0.22,0.335,0.321,0.283
TJ Friedl,CIN,58,0.279,,,,,,,,,,0.137,0.207,0.196,0.306,0.212
Dane Myers,CIN,197,0.279,,,,,,,,,,0.257,0.219,0.371,0.303,0.317
Ildemaro Vargas,ARI,184,0.278,,,,,,,,,,0.25,0.251,0.355,0.333,0.286
Brandon Valenzuela,TOR,84,0.278,,,,,,,,,,0.187,0.225,0.267,0.302,0.251
Brian Serven,ATH,78,0.278,,,,,,,,,,0.176,0.219,0.392,0.38,0.264
Miguel Amaya,CHC,92,0.278,,,,,,,,,,0.238,0.198,0.4,0.341,0.314
Pedro Ramírez,CHC,198,0.277,,,,,,,,,,0.261,0.233,0.406,0.332,0.317
LaMonte Wade Jr.,HOU,111,0.277,,,,,,,,,,0.191,0.191,0.298,0.276,0.286
Tommy Edman,LAD,245,0.277,,,,,,,,,,0.207,0.208,0.346,0.313,0.287
Drew Romo,CHW,83,0.277,,,,,,,,,,0.153,0.211,0.25,0.292,0.238
Jake Mangum,PIT,219,0.276,,,,,,,,,,0.235,0.229,0.335,0.328,0.282
Adley Rutschman,2 Tms,132,0.276,,,,,,,,,,0.215,0.206,0.38,0.35,0.292
Jacob Wilson,ATH,100,0.276,,,,,,,,,,0.229,0.246,0.385,0.351,0.282
Miguel Rojas,LAD,88,0.276,,,,,,,,,,0.232,0.261,0.354,0.341,0.267
Tyler Soderstrom,ATH,106,0.275,,,,,,,,,,0.258,0.213,0.495,0.35,0.352
Zac Veen,COL,79,0.275,,,,,,,,,,0.232,0.194,0.435,0.338,0.327
Max Muncy,ATH,109,0.275,,,,,,,,,,0.235,0.218,0.373,0.358,0.29
Ryan McMahon,NYY,135,0.275,,,,,,,,,,0.213,0.217,0.32,0.332,0.27
Brooks Lee,MIN,250,0.275,,,,,,,,,,0.257,0.232,0.43,0.373,0.309
Jonah Heim,ATH,207,0.275,,,,,,,,,,0.183,0.22,0.298,0.335,0.242
Abimelec Ortiz,WSN,130,0.274,,,,,,,,,,0.187,0.212,0.341,0.387,0.248
Xavier Edwards,MIA,186,0.274,,,,,,,,,,0.23,0.235,0.255,0.292,0.26
Jimmy Crooks,STL,79,0.273,,,,,,,,,,0.192,0.18,0.37,0.402,0.266
Lane Thomas,2 Tms,105,0.273,,,,,,,,,,0.2,0.205,0.368,0.331,0.286
Nick Allen,HOU,64,0.272,,,,,,,,,,0.333,0.252,0.491,0.311,0.373
Joe Mack,MIA,158,0.272,,,,,,,,,,0.223,0.212,0.385,0.382,0.277
Gary Sánchez,MIL,91,0.272,,,,,,,,,,0.192,0.193,0.372,0.286,0.301
Derek Hill,PHI,71,0.271,,,,,,,,,,0.209,0.201,0.448,0.378,0.301
Cam Smith,HOU,197,0.271,,,,,,,,,,0.192,0.203,0.418,0.358,0.283
Moisés Ballesteros,LAA,173,0.271,,,,,,,,,,0.203,0.212,0.285,0.342,0.246
Jim Jarvis,ATL,92,0.27,,,,,,,,,,0.173,0.234,0.235,0.291,0.224
Andrew Benintendi,CHW,177,0.27,,,,,,,,,,0.233,0.213,0.371,0.332,0.293
Adael Amador,COL,87,0.27,,,,,,,,,,0.276,0.199,0.5,0.309,0.371
Nick Loftin,KCR,221,0.269,,,,,,,,,,0.235,0.213,0.367,0.308,0.3
Jackson Holliday,BAL,212,0.269,,,,,,,,,,0.24,0.241,0.316,0.332,0.264
Brayan Rocchio,CLE,229,0.269,,,,,,,,,,0.209,0.227,0.327,0.321,0.261
Josh Smith,2 Tms,100,0.267,,,,,,,,,,0.165,0.185,0.353,0.304,0.276
Gavin Sheets,SDP,90,0.267,,,,,,,,,,0.171,0.187,0.25,0.289,0.248
Cedric Mullins,TBR,174,0.267,,,,,,,,,,0.213,0.194,0.36,0.303,0.293
Daulton Varsho,2 Tms,218,0.266,,,,,,,,,,0.195,0.211,0.312,0.348,0.247
Austin Martin,MIN,81,0.266,,,,,,,,,,0.174,0.187,0.29,0.277,0.265
Sal Frelick,MIL,69,0.265,,,,,,,,,,0.213,0.215,0.279,0.313,0.254
Ryan O'Hearn,PIT,105,0.265,,,,,,,,,,0.202,0.206,0.309,0.305,0.264
Jasson Domínguez,NYY,82,0.265,,,,,,,,,,0.208,0.215,0.299,0.335,0.249
Nasim Nuñez,WSN,181,0.265,,,,,,,,,,0.155,0.228,0.161,0.284,0.19
Alika Williams,ATH,143,0.264,,,,,,,,,,0.275,0.223,0.435,0.321,0.328
Chandler Simpson,TBR,257,0.263,,,,,,,,,,0.344,0.266,0.378,0.303,0.324
Brendan Donovan,SEA,58,0.263,,,,,,,,,,0.283,0.229,0.34,0.28,0.31
Jeremiah Jackson,BAL,81,0.262,,,,,,,,,,0.111,0.185,0.25,0.342,0.192
Brandon Marsh,PHI,197,0.261,,,,,,,,,,0.183,0.213,0.261,0.332,0.221
Austin Hedges,CLE,100,0.26,,,,,,,,,,0.188,0.184,0.329,0.26,0.286
Ke'Bryan Hayes,CIN,107,0.26,,,,,,,,,,0.139,0.212,0.228,0.334,0.188
Jonah Cox,SFG,132,0.258,,,,,,,,,,0.256,0.206,0.368,0.308,0.304
Isiah Kiner-Falefa,BOS,51,0.258,,,,,,,,,,0.143,0.195,0.167,0.228,0.216
Matt McLain,CIN,180,0.257,,,,,,,,,,0.184,0.196,0.356,0.33,0.262
Shay Whitcomb,SFG,94,0.257,,,,,,,,,,0.202,0.214,0.303,0.354,0.234
Isaac Collins,KCR,196,0.257,,,,,,,,,,0.173,0.184,0.262,0.243,0.254
Héctor Rodríguez,CIN,144,0.256,,,,,,,,,,0.228,0.201,0.404,0.335,0.294
Jase Bowen,SDP,55,0.256,,,,,,,,,,0.176,0.194,0.353,0.346,0.251
Spencer Horwitz,PIT,148,0.255,,,,,,,,,,0.188,0.216,0.211,0.265,0.224
Colson Montgomery,CHW,251,0.255,,,,,,,,,,0.167,0.166,0.312,0.305,0.259
José Tena,WSN,101,0.254,,,,,,,,,,0.186,0.166,0.291,0.264,0.272
Jake Cronenworth,SDP,254,0.254,,,,,,,,,,0.241,0.204,0.342,0.275,0.296
Edwin Arroyo,CIN,52,0.254,,,,,,,,,,0.188,0.217,0.208,0.311,0.205
Eli White,2 Tms,79,0.252,,,,,,,,,,0.276,0.218,0.408,0.326,0.311
Christian Moore,LAA,117,0.252,,,,,,,,,,0.183,0.191,0.294,0.324,0.239
Evan Carter,TEX,183,0.251,,,,,,,,,,0.196,0.202,0.282,0.288,0.247
Max Kepler,ARI,107,0.251,,,,,,,,,,0.206,0.205,0.289,0.282,0.256
Weston Wilson,SEA,115,0.251,,,,,,,,,,0.204,0.192,0.301,0.266,0.269
Christian Koss,SFG,193,0.25,,,,,,,,,,0.239,0.219,0.335,0.3,0.274
Colt Emerson,SEA,81,0.25,,,,,,,,,,0.169,0.239,0.221,0.32,0.181
Denzer Guzman,LAA,180,0.25,,,,,,,,,,0.192,0.212,0.293,0.301,0.24
Cody Freeman,TEX,76,0.25,,,,,,,,,,0.258,0.201,0.348,0.264,0.305
Ozzie Albies,ATL,267,0.25,,,,,,,,,,0.198,0.194,0.331,0.296,0.261
Leody Taveras,BAL,192,0.249,,,,,,,,,,0.193,0.201,0.318,0.296,0.251
Taylor Walls,TBR,161,0.249,,,,,,,,,,0.237,0.196,0.324,0.27,0.287
Samuel Basallo,BAL,98,0.248,,,,,,,,,,0.14,0.162,0.221,0.303,0.216
Jose Altuve,HOU,246,0.248,,,,,,,,,,0.265,0.215,0.387,0.302,0.301
Enrique Hernández,LAD,86,0.248,,,,,,,,,,0.188,0.202,0.288,0.294,0.24
Elias Díaz,TEX,143,0.246,,,,,,,,,,0.205,0.179,0.331,0.311,0.253
Mickey Moniak,COL,206,0.246,,,,,,,,,,0.198,0.198,0.385,0.337,0.261
Oswald Peraza,LAA,89,0.245,,,,,,,,,,0.179,0.19,0.192,0.225,0.232
Trevor Story,BOS,87,0.244,,,,,,,,,,0.298,0.209,0.452,0.334,0.332
Carlos Cortes,ATH,145,0.242,,,,,,,,,,0.218,0.2,0.361,0.291,0.276
Carlos Narváez,2 Tms,111,0.242,,,,,,,,,,0.117,0.164,0.16,0.261,0.186
Jonny DeLuca,TBR,185,0.241,,,,,,,,,,0.271,0.223,0.401,0.293,0.306
Josh Rojas,KCR,75,0.24,,,,,,,,,,0.254,0.21,0.328,0.268,0.282
Ali Sánchez,NYY,57,0.239,,,,,,,,,,0.241,0.215,0.296,0.295,0.253
Ben Williamson,TBR,65,0.238,,,,,,,,,,0.197,0.212,0.262,0.265,0.231
Brenton Doyle,2 Tms,95,0.238,,,,,,,,,,0.258,0.215,0.409,0.33,0.291
Esteury Ruiz,MIA,129,0.238,,,,,,,,,,0.198,0.15,0.288,0.247,0.274
Jorge Soler,LAA,51,0.237,,,,,,,,,,0.156,0.154,0.289,0.255,0.25
Connor Wong,BOS,103,0.237,,,,,,,,,,0.173,0.195,0.306,0.303,0.23
Javier Báez,DET,110,0.237,,,,,,,,,,0.219,0.208,0.324,0.286,0.255
Jordan Beck,COL,87,0.236,,,,,,,,,,0.203,0.187,0.253,0.251,0.245
Tyler Heineman,LAA,89,0.236,,,,,,,,,,0.169,0.214,0.208,0.257,0.198
Ernie Clement,TOR,241,0.235,,,,,,,,,,0.208,0.217,0.265,0.279,0.226
Victor Caratini,MIN,114,0.235,,,,,,,,,,0.176,0.173,0.186,0.241,0.218
Brock Rodden,SEA,72,0.233,,,,,,,,,,0.197,0.135,0.279,0.227,0.271
Dominic Smith,ATL,61,0.226,,,,,,,,,,0.218,0.154,0.327,0.255,0.282
Kyle Isbel,KCR,136,0.224,,,,,,,,,,0.19,0.205,0.278,0.27,0.22
Gabriel Arias,3 Tms,50,0.224,,,,,,,,,,0.255,0.187,0.277,0.26,0.263
Christian Vázquez,HOU,75,0.211,,,,,,,,,,0.174,0.174,0.275,0.25,0.222
Luisangel Acuña,CHW,58,0.208,,,,,,,,,,0.179,0.202,0.196,0.236,0.184
Jose Trevino,CIN,86,0.206,,,,,,,,,,0.2,0.195,0.341,0.284,0.23
Jorge Polanco,NYM,66,0.206,,,,,,,,,,0.113,0.16,0.177,0.267,0.152
Sung-Mun Song,SDP,52,0.205,,,,,,,,,,0.163,0.159,0.186,0.219,0.196
Ha-Seong Kim,ATL,57,0.204,,,,,,,,,,0.176,0.158,0.196,0.195,0.213
Jorge Mateo,2 Tms,82,0.192,,,,,,,,,,0.145,0.157,0.211,0.226,0.179
Noelvi Marte,CIN,64,0.178,,,,,,,,,,0.177,0.171,0.21,0.225,0.176
Brewer Hicklen,ATL,50,0.308,,,,,,,,,,,,,,
