,Team,,,rSZ,rCERA,rSB,rGDP,rARM,rGFP,rPM,rTS,DRS,,,,,,,,,FRV
,CHC,---,,0,1,1,-3,7,6,61,31,113,,,,,,,,,69
,TBR,---,,6,2,2,0,-6,-5,51,52,90,,,,,,,,,7
,BOS,---,,-5,-1,-1,0,22,7,23,20,61,,,,,,,,,23
,MIL,---,,-1,3,1,4,-3,-5,48,10,60,,,,,,,,,4
,ATL,---,,-2,2,-2,1,7,4,43,7,57,,,,,,,,,17
,NYM,---,,8,-1,1,-7,11,-5,3,23,47,,,,,,,,,0
,TOR,---,,14,-1,1,-3,4,6,15,11,43,,,,,,,,,43
,DET,---,,8,0,3,3,-2,3,-21,47,42,,,,,,,,,-13
,LAD,---,,0,2,-4,-2,5,3,20,26,40,,,,,,,,,8
,KCR,---,,5,1,-2,0,3,-1,10,16,37,,,,,,,,,10
,ARI,---,,-5,0,-2,3,-2,5,28,6,34,,,,,,,,,37
,SDP,---,,-2,-2,8,0,6,17,-24,26,32,,,,,,,,,35
,SFG,---,,-4,0,-1,-1,3,-6,14,23,25,,,,,,,,,-17
,NYY,---,,9,3,-1,1,1,-2,13,-2,21,,,,,,,,,11
,BAL,---,,-4,0,5,0,-1,10,-13,14,20,,,,,,,,,-12
,STL,---,,5,1,0,7,-7,-4,10,18,20,,,,,,,,,44
,WSN,---,,7,3,-1,4,-1,-2,4,13,17,,,,,,,,,-6
,CLE,---,,1,0,-4,-1,14,8,-14,7,16,,,,,,,,,13
,MIA,---,,4,0,7,1,-10,-13,-8,30,8,,,,,,,,,2
,TEX,---,,-8,-1,2,-5,-10,0,-3,32,5,,,,,,,,,-1
,PIT,---,,1,-3,1,4,-10,3,-18,15,-1,,,,,,,,,-18
,CHW,---,,3,-1,0,2,1,-11,-12,20,-2,,,,,,,,,11
,LAA,---,,-9,-4,-2,2,-6,-6,-11,31,-8,,,,,,,,,-36
,HOU,---,,3,0,1,6,-6,2,-22,9,-15,,,,,,,,,-8
,COL,---,,-4,3,-2,-3,-7,-4,-36,35,-16,,,,,,,,,-33
,SEA,---,,-3,-3,-3,-3,3,1,-45,36,-20,,,,,,,,,-54
,MIN,---,,3,-1,-6,-3,-5,0,-16,6,-31,,,,,,,,,-26
,CIN,---,,-11,2,-3,-1,-6,3,-36,21,-39,,,,,,,,,-11
,PHI,---,,-3,0,1,-9,-1,-3,-29,-1,-40,,,,,,,,,-17
,ATH,---,,-12,0,4,-2,4,-4,-27,-4,-41,,,,,,,,,-43