player_name,team
Tarik Skubal,LAD
Robbie Ray,SDP
Kevin Gausman,CHC
Clay Holmes,CHC
Dustin May,MIL
Casey Mize,SDP
Foster Griffin,CLE
Tyler Mahle,ATL
Freddy Peralta,TBR
David Peterson,CHC
Luis Castillo,CHW
Eli White,ATL
Adley Rutschman,BOS
Randal Grichuk,CHW
Brenton Doyle,CHW
Patrick Bailey,CLE
Nathaniel Lowe,CLE
Jo Adell,CLE
Daulton Varsho,HOU
Luis Garcia Jr.,NYY
Luis Arraez,PHI
Derek Hill,PHI
Dustin Harris,SDP
Liam Hicks,TBR
Victor Mesa,TBR
Ezequiel Duran,TEX
Elias Diaz,TEX
