player_name,team,IP,TBF,wOBA,HR/9,K-BB%
Lance McCullers Jr.,2 Tms,21,90,0.316,1.29,10.00%
José Urquidy,2 Tms,14.2,67,0.354,1.23,16.40%
Trevor Richards,2 Tms,79,330,0.293,1.25,13.30%
Osvaldo Bido,2 Tms,16.2,70,0.332,1.62,1.40%
Jayden Murray,2 Tms,14.1,71,0.457,1.88,4.20%
Craig Yoho,2 Tms,38.1,164,0.314,1.41,14.00%
Jake Woodford,3 Tms,22.1,110,0.417,2.01,14.50%
Bryse Wilson,3 Tms,26.2,114,0.35,1.35,19.30%
Carlos Carrasco,ATL,13,54,0.339,1.38,3.70%
Martín Pérez,ATL,61,258,0.302,0.89,7.40%
Chris Sale,ATL,61.2,243,0.262,0.44,29.20%
Brent Suter,ATL,22.1,92,0.289,0.81,13.00%
Aaron Bummer,ATL,15,75,0.42,3.6,4.00%
Tyler Mahle,ATL,20,81,0.262,1.35,12.30%
Reynaldo López,ATL,46,208,0.369,1.37,9.60%
Grant Holmes,ATL,69,279,0.261,0.65,12.50%
Raisel Iglesias,ATL,60,239,0.274,0.9,19.70%
Tyler Kinley,ATL,42.2,179,0.324,1.9,12.30%
Danny Young,ATL,12.1,65,0.449,2.19,3.10%
José Suarez,ATL,13,63,0.377,0,9.50%
Dylan Lee,ATL,67,262,0.248,0.4,22.90%
Ray Kerr,ATL,16.2,60,0.195,0.54,13.30%
Spencer Strider,ATL,17.1,72,0.341,2.6,23.60%
Bryce Elder,ATL,55.1,234,0.303,0.81,12.40%
Dylan Dodd,ATL,49,192,0.263,1.29,20.30%
AJ Smith-Shawver,ATL,17.2,74,0.263,1.53,16.20%
Robert Suarez,ATL,34,130,0.221,0.26,15.40%
Didier Fuentes,ATL,69.1,280,0.273,0.78,24.60%
Victor Mederos,ATL,34.1,147,0.28,0.26,13.60%
JR Ritchie,ATL,33.2,147,0.306,0.8,10.20%
Aroldis Chapman,BOS,51.2,213,0.263,0.52,22.50%
Tyron Guerrero,BOS,40.2,166,0.263,0.44,19.90%
Sonny Gray,BOS,61.2,261,0.305,1.02,14.90%
Danny Coulombe,BOS,22,96,0.3,0.41,-5.20%
Ranger Suarez,BOS,66.1,252,0.228,0.41,17.10%
Patrick Sandoval,BOS,30.1,130,0.336,0.89,19.20%
Garrett Whitlock,BOS,52.1,198,0.233,0.52,25.30%
Zack Kelly,BOS,16.1,71,0.28,0.55,9.90%
Greg Weissert,BOS,60.2,255,0.304,1.19,15.70%
Jovani Morán,BOS,62.2,262,0.281,1.29,14.50%
Raymond Burgos,BOS,18.2,70,0.244,1.45,18.60%
Brayan Bello,BOS,52,230,0.349,1.04,12.60%
Justin Slaten,BOS,31.1,137,0.323,1.15,22.60%
Alec Gamboa,BOS,28.2,114,0.276,0.31,8.80%
Erik Miller,BOS,18.2,85,0.287,0.48,20.00%
Garrett Crochet,BOS,12,54,0.328,0,16.70%
Ryan Watson,BOS,51,221,0.328,1.24,10.90%
Wyatt Olds,BOS,15.1,67,0.297,1.17,17.90%
Tyler Samaniego,BOS,20.1,90,0.324,0.44,10.00%
Jake Bennett,BOS,45.1,180,0.25,0.4,16.10%
Connelly Early,BOS,33.1,153,0.385,2.16,13.70%
Payton Tolle,BOS,59.2,234,0.289,0.91,28.20%
Caleb Thielbar,CHC,50,212,0.329,1.98,19.80%
Jameson Taillon,CHC,29.1,133,0.398,3.07,12.00%
Colin Rea,CHC,65,270,0.303,1.11,13.00%
Hoby Milner,CHC,35.2,149,0.31,1.01,6.00%
Clay Holmes,CHC,20.1,81,0.254,0.44,9.90%
Kevin Gausman,CHC,20.2,81,0.27,0.87,23.50%
Matthew Boyd,CHC,50.2,198,0.27,1.24,13.10%
Trent Thornton,CHC,48.1,196,0.318,1.49,7.10%
Phil Maton,CHC,27.2,136,0.398,1.63,11.00%
Jacob Webb,CHC,67,284,0.296,1.34,16.90%
Aaron Civale,CHC,31.1,129,0.258,0.57,13.20%
Tyler Ferguson,CHC,17.1,70,0.288,2.08,22.90%
David Peterson,CHC,33.2,139,0.313,1.34,15.80%
Edward Cabrera,CHC,36.2,155,0.338,1.96,12.90%
Javier Assad,CHC,54.2,213,0.268,0.99,11.70%
Ryan Rolison,CHC,62.2,255,0.305,0.86,10.60%
Ben Brown,CHC,41.2,163,0.228,0.22,14.10%
Ethan Roberts,CHC,25.2,110,0.332,1.05,2.70%
Ryan Zeferjahn,CHC,18,80,0.328,1,13.80%
Gavin Hollowell,CHC,14.2,62,0.295,1.23,8.10%
Daniel Palencia,CHC,29.2,123,0.299,1.21,15.40%
Shota Imanaga,CHC,72.2,283,0.283,1.73,24.70%
Huascar Brazobán,CHW,14.1,60,0.371,1.26,1.70%
Lucas Sims,CHW,10,46,0.353,0.9,6.50%
Luis Castillo,CHW,15.1,73,0.437,4.11,11.00%
Sean Newcomb,CHW,88.2,363,0.281,0.41,14.00%
Erick Fedde,CHW,67.2,285,0.326,1.6,9.10%
Seranthony Domínguez,CHW,38.1,165,0.304,1.41,14.50%
Jordan Hicks,CHW,48,216,0.309,0.75,14.40%
Bryan Hudson,CHW,67.1,282,0.304,0.67,14.50%
Anthony Kay,CHW,65,297,0.351,1.25,14.10%
Davis Martin,CHW,63.1,256,0.288,0.85,17.20%
Chris Murphy,CHW,33.1,149,0.344,1.08,12.80%
Brandon Eisert,CHW,27.1,117,0.336,1.98,20.50%
Sean Burke,CHW,70.1,288,0.286,0.64,20.50%
Jordan Leasure,CHW,18.2,78,0.337,2.89,12.80%
David Sandlin,CHW,18.2,72,0.256,1.45,26.40%
Tyler Schweitzer,CHW,30.1,130,0.346,0.89,3.10%
Noah Schultz,CHW,38.2,160,0.314,1.63,15.60%
Grant Taylor,CHW,84,335,0.258,0.75,22.70%
Tyler Davis,CHW,32,128,0.262,0.84,8.60%
Hagen Smith,CHW,27.2,109,0.213,0.33,22.90%
Shawn Armstrong,CLE,35.1,154,0.307,1.02,9.70%
Foster Griffin,CLE,18.1,81,0.352,1.47,17.30%
Matt Festa,CLE,66.1,287,0.317,0.95,16.70%
Connor Brogdon,CLE,16,70,0.345,2.81,17.10%
Colin Holderman,CLE,52.2,222,0.254,0.17,13.50%
Joey Cantillo,CLE,67,294,0.318,0.81,18.00%
Erik Sabrowski,CLE,48.1,203,0.258,0.56,22.20%
Tim Herrin,CLE,56.2,240,0.308,0.79,10.80%
Daniel Espino,CLE,15.1,65,0.299,1.76,27.70%
Hunter Gaddis,CLE,60.1,257,0.3,1.04,13.60%
Slade Cecconi,CLE,59.1,239,0.275,1.06,15.50%
Logan Allen,CLE,10.1,52,0.395,2.61,11.50%
Cade Smith,CLE,74,295,0.241,0.61,28.50%
Will Dion,CLE,18.2,81,0.348,1.93,25.90%
Gavin Williams,CLE,69,288,0.314,1.3,24.30%
Tanner Bibee,CLE,73,297,0.317,1.85,14.10%
Franco Aleman,CLE,22,101,0.363,1.64,16.80%
Peyton Pallette,CLE,20.2,97,0.333,0.87,6.20%
Parker Messick,CLE,75.1,288,0.232,0.72,22.20%
Steven Okert,HOU,67.2,261,0.251,0.93,20.70%
Josh Hader,HOU,44.2,167,0.18,0.2,24.00%
Bryan Abreu,HOU,62.2,268,0.324,1.29,14.60%
Cristian Javier,HOU,34.2,142,0.284,1.04,13.40%
Peter Lambert,HOU,60.2,260,0.274,0.3,15.00%
Enyel De Los Santos,HOU,71.1,301,0.321,1.39,15.60%
Ronel Blanco,HOU,17.1,70,0.292,1.56,15.70%
Nate Pearson,HOU,19.1,83,0.304,0.47,4.80%
Bennett Sousa,HOU,30,141,0.371,1.5,9.90%
Cody Bolton,HOU,13.1,68,0.399,1.35,5.90%
Kai-Wei Teng,HOU,48.2,210,0.306,0.74,13.80%
Ryan Weiss,HOU,15.2,76,0.419,2.87,9.20%
Mike Burrows,HOU,34.1,157,0.366,1.57,5.10%
Hunter Brown,HOU,43.1,180,0.303,1.25,18.90%
Bryan King,HOU,59.1,274,0.353,1.37,9.90%
Hayden Wesneski,HOU,25,99,0.279,0,14.10%
Alimber Santa,HOU,15,58,0.221,0.6,5.20%
Miguel Ullola,HOU,16.1,61,0.233,1.1,18.00%
Spencer Arrighetti,HOU,36,153,0.287,0.5,13.10%
AJ Blubaugh,HOU,91,381,0.304,1.19,12.90%
Logan VanWey,HOU,12.2,46,0.259,0.71,17.40%
Ethan Pecko,HOU,18.2,72,0.235,1.45,13.90%
Tatsuya Imai,HOU,42.1,187,0.293,0.85,13.40%
Blake Treinen,LAD,29.2,130,0.328,0.91,13.80%
Blake Snell,LAD,18,75,0.249,0,25.30%
Tyler Glasnow,LAD,28.1,112,0.26,1.27,29.50%
Edwin Díaz,LAD,18.2,96,0.4,1.45,17.70%
Brock Stewart,LAD,26.2,103,0.258,1.01,14.60%
Jonathan Hernández,LAD,24.1,101,0.266,0.74,9.90%
Tanner Scott,LAD,63.2,251,0.25,0.57,26.70%
Evan Phillips,LAD,26,106,0.292,1.73,25.50%
Eric Lauer,LAD,27.1,126,0.407,3.29,10.30%
Shohei Ohtani,LAD,33.1,126,0.193,0.54,25.40%
Tarik Skubal,LAD,22.2,90,0.282,0.4,24.40%
Alex Vesia,LAD,58,237,0.233,0.62,17.70%
Edgardo Henriquez,LAD,60,242,0.248,0.15,19.00%
Kyle Hurt,LAD,45.2,198,0.299,0.99,17.70%
Will Klein,LAD,41.1,188,0.32,0.65,14.90%
Emmet Sheehan,LAD,51.1,207,0.27,0.88,30.00%
Jack Dreyer,LAD,64.2,261,0.27,0.97,19.20%
Justin Wrobleski,LAD,55,242,0.331,1.31,12.80%
Seth Halvorsen,LAD,10,45,0.367,2.7,8.90%
Yoshinobu Yamamoto,LAD,68.1,252,0.221,0.79,23.40%
Roki Sasaki,LAD,54,218,0.312,2,18.30%
Antonio Senzatela,MIL,20.2,91,0.338,0.87,5.50%
Brandon Woodruff,MIL,20.1,78,0.238,1.33,26.90%
Trevor Megill,MIL,61.2,242,0.208,0.15,22.30%
JoJo Romero,MIL,13.1,52,0.274,1.35,17.30%
Dustin May,MIL,19.1,82,0.342,1.4,18.30%
Grant Anderson,MIL,58.2,232,0.294,1.23,12.50%
DL Hall,MIL,60.2,239,0.248,0.74,11.70%
Angel Zerpa,MIL,12.2,55,0.405,1.42,3.60%
Aaron Ashby,MIL,87.2,378,0.291,0.82,19.00%
Abner Uribe,MIL,59.1,234,0.239,0.46,18.40%
Garrett Stallings,MIL,12.1,45,0.137,0,22.20%
Kyle Harrison,MIL,55.1,236,0.308,0.81,21.20%
Shane Drohan,MIL,64,265,0.296,0.84,18.50%
Coleman Crow,MIL,11,45,0.283,1.64,6.70%
Robert Gasser,MIL,46,189,0.29,0.78,20.60%
Chad Patrick,MIL,83.2,341,0.294,1.08,11.40%
Logan Henderson,MIL,43,162,0.267,1.05,27.80%
Jacob Misiorowski,MIL,73,270,0.199,0.62,39.60%
Brandon Sproat,MIL,45.1,197,0.323,0.79,10.20%
Fernando Cruz,NYY,54.2,234,0.306,1.15,15.00%
Gerrit Cole,NYY,52.1,198,0.265,1.89,25.30%
Michael Fulmer,NYY,10,46,0.363,1.8,17.40%
Max Fried,NYY,44,180,0.298,0.82,19.40%
Paul Blackburn,NYY,84.2,332,0.258,0.74,11.40%
Carlos Rodón,NYY,37.1,144,0.227,0.72,18.10%
Ryan Yarbrough,NYY,57.1,240,0.278,0.47,10.00%
Tim Hill,NYY,58.2,241,0.32,1.84,5.00%
David Bednar,NYY,69.1,280,0.249,0.52,20.00%
John Schreiber,NYY,11,43,0.245,0,0.00%
Luis Gil,NYY,14.2,71,0.364,1.84,1.40%
Jake Bird,NYY,30.1,139,0.369,1.19,14.40%
Yerry De los Santos,NYY,19.2,86,0.315,1.83,9.30%
Camilo Doval,NYY,39.2,178,0.318,1.36,11.80%
Ryan Weathers,NYY,53,225,0.309,1.02,19.10%
Angel Chivilli,NYY,16.2,73,0.321,2.16,12.30%
Brent Headrick,NYY,78.1,326,0.29,0.57,21.80%
Will Warren,NYY,66.2,282,0.306,1.22,19.90%
Elmer Rodríguez,NYY,12,54,0.284,0,3.70%
Cam Schlittler,NYY,78,297,0.227,0.81,28.30%
Brooks Raley,PHI,11.1,54,0.451,3.18,11.10%
Zack Wheeler,PHI,64.1,250,0.266,1.26,27.60%
Tim Mayza,PHI,67.1,271,0.289,0.94,17.00%
Brad Keller,PHI,31.1,135,0.309,1.15,14.10%
Aaron Nola,PHI,72,295,0.344,2.5,20.30%
Tanner Banks,PHI,36.1,176,0.405,1.98,13.10%
José Alvarado,PHI,58.1,273,0.35,0.77,14.30%
Alan Rangel,PHI,13.2,63,0.353,1.32,15.90%
Jesús Luzardo,PHI,70.2,264,0.194,0.25,30.30%
Cristopher Sánchez,PHI,70.1,297,0.292,0.51,24.60%
Jhoan Duran,PHI,59.1,236,0.244,0.3,31.40%
Chase Shugart,PHI,53.2,223,0.314,1.68,17.50%
Max Lazar,PHI,10,45,0.369,2.7,11.10%
Jonathan Bowlan,PHI,56.1,229,0.276,1.28,25.30%
Seth Johnson,PHI,15.2,76,0.337,0.57,6.60%
Kyle Backhus,PHI,20,94,0.349,1.35,14.90%
Andrew Painter,PHI,50.1,225,0.363,1.79,12.40%
Alex McFarlane,PHI,19,79,0.273,0.95,16.50%
Orion Kerkering,PHI,57.2,267,0.318,0.78,10.90%
Robbie Ray,SDP,17.2,81,0.352,1.02,-1.20%
Jason Adam,SDP,34.1,142,0.307,1.31,8.50%
Wandy Peralta,SDP,77.1,321,0.327,0.81,8.40%
Germán Márquez,SDP,24.1,116,0.426,2.96,4.30%
Nick Pivetta,SDP,19,72,0.22,0.95,33.30%
Lucas Giolito,SDP,14.2,63,0.334,1.84,6.30%
Walker Buehler,SDP,69.1,288,0.314,1.04,13.20%
Kyle Hart,SDP,61.2,257,0.288,0.58,11.70%
Michael King,SDP,71.2,288,0.293,1.26,17.70%
Griffin Canning,SDP,52.1,232,0.353,1.55,13.40%
Adrian Morejon,SDP,86,352,0.244,0.42,22.40%
Casey Mize,SDP,19,90,0.472,3.79,5.60%
Jeremiah Estrada,SDP,31,126,0.259,0.58,17.50%
JP Sears,SDP,17,70,0.269,1.06,5.70%
Ron Marinaccio,SDP,45.1,192,0.359,1.79,10.40%
Randy Vásquez,SDP,65.1,276,0.335,1.52,11.60%
Matt Waldron,SDP,20.1,86,0.382,2.21,17.40%
Bradgley Rodriguez,SDP,74,301,0.266,0.73,20.30%
David Morgan,SDP,33.1,162,0.349,0.54,10.50%
Mason Miller,SDP,70,272,0.208,0.39,37.90%
Yuki Matsui,SDP,62.1,255,0.272,1.01,11.80%
Craig Kimbrel,TBR,18.2,80,0.292,0.48,8.80%
Nick Martinez,TBR,72.2,279,0.264,1.11,15.10%
Steven Matz,TBR,53.2,234,0.333,1.84,10.30%
Cole Sulser,TBR,55.2,234,0.308,1.13,16.20%
Cam Booser,TBR,41,152,0.222,1.1,25.70%
Garrett Cleavinger,TBR,41.1,181,0.325,1.31,17.70%
Freddy Peralta,TBR,22.1,90,0.31,0.81,14.40%
Jesse Scholtens,TBR,25,108,0.362,2.88,12.00%
Bryan Baker,TBR,62.1,244,0.231,0.58,16.80%
Tyler Wells,TBR,18,66,0.205,1,21.20%
Griffin Jax,TBR,59.2,250,0.303,0.91,18.40%
Shane McClanahan,TBR,56.1,216,0.226,0.48,20.40%
Mason Englert,TBR,22.1,103,0.405,2.82,15.50%
Yoendrys Gómez,TBR,15.1,72,0.366,2.35,4.20%
Drew Rasmussen,TBR,70.1,270,0.241,0.64,20.70%
Kevin Kelly,TBR,73.2,279,0.246,0.73,18.60%
Casey Legumina,TBR,57.1,243,0.31,1.1,11.50%
Hunter Bigge,TBR,19,84,0.3,0.47,0.00%
Ian Seymour,TBR,73.1,312,0.321,1.6,21.20%
Chris Roycroft,TBR,18,79,0.359,2,12.70%
