player_name,team,IP,TBF,K-BB%,HR/9,wOBA,,,,,,,,,,,,,,,,,,,,,SLG
José Urquidy,2 Tms,14.2,67,16.40%,1.23,0.354,,,,,,,,,,,,,,,,,,,,,0.475
Craig Yoho,2 Tms,25.1,114,11.40%,1.42,0.349,,,,,,,,,,,,,,,,,,,,,0.443
Martín Pérez,ATL,24.1,108,4.60%,0,0.298,,,,,,,,,,,,,,,,,,,,,0.289
Chris Sale,ATL,22.2,90,31.10%,0.4,0.257,,,,,,,,,,,,,,,,,,,,,0.306
Brent Suter,ATL,22.1,92,13.00%,0.81,0.289,,,,,,,,,,,,,,,,,,,,,0.361
Tyler Mahle,ATL,20,81,12.30%,1.35,0.262,,,,,,,,,,,,,,,,,,,,,0.351
Grant Holmes,ATL,29.1,117,6.80%,0.92,0.274,,,,,,,,,,,,,,,,,,,,,0.327
Raisel Iglesias,ATL,27.2,112,16.10%,1.3,0.282,,,,,,,,,,,,,,,,,,,,,0.366
Dylan Lee,ATL,24,106,13.20%,0.75,0.349,,,,,,,,,,,,,,,,,,,,,0.457
Ray Kerr,ATL,16.2,60,13.30%,0.54,0.195,,,,,,,,,,,,,,,,,,,,,0.222
Bryce Elder,ATL,16,72,6.90%,1.13,0.345,,,,,,,,,,,,,,,,,,,,,0.415
Dylan Dodd,ATL,23.1,94,22.30%,1.54,0.3,,,,,,,,,,,,,,,,,,,,,0.407
AJ Smith-Shawver,ATL,17.2,74,16.20%,1.53,0.263,,,,,,,,,,,,,,,,,,,,,0.323
Didier Fuentes,ATL,35.2,140,27.90%,1.26,0.266,,,,,,,,,,,,,,,,,,,,,0.357
Victor Mederos,ATL,29.1,131,12.20%,0.31,0.302,,,,,,,,,,,,,,,,,,,,,0.336
JR Ritchie,ATL,12,49,18.40%,0.75,0.29,,,,,,,,,,,,,,,,,,,,,0.317
Aroldis Chapman,BOS,23,92,26.10%,0.78,0.246,,,,,,,,,,,,,,,,,,,,,0.278
Tyron Guerrero,BOS,21.1,86,14.00%,0,0.256,,,,,,,,,,,,,,,,,,,,,0.278
Sonny Gray,BOS,26,108,12.00%,0.69,0.301,,,,,,,,,,,,,,,,,,,,,0.378
Ranger Suarez,BOS,25.2,99,10.10%,0.35,0.236,,,,,,,,,,,,,,,,,,,,,0.233
Patrick Sandoval,BOS,28,121,18.20%,0.96,0.346,,,,,,,,,,,,,,,,,,,,,0.426
Garrett Whitlock,BOS,19.1,70,27.10%,0,0.206,,,,,,,,,,,,,,,,,,,,,0.231
Greg Weissert,BOS,23,98,17.30%,0.78,0.314,,,,,,,,,,,,,,,,,,,,,0.391
Jovani Morán,BOS,27,117,10.30%,1.33,0.313,,,,,,,,,,,,,,,,,,,,,0.384
Raymond Burgos,BOS,18.2,70,18.60%,1.45,0.244,,,,,,,,,,,,,,,,,,,,,0.368
Brayan Bello,BOS,27,113,13.30%,0,0.282,,,,,,,,,,,,,,,,,,,,,0.307
Alec Gamboa,BOS,24.2,97,9.30%,0,0.269,,,,,,,,,,,,,,,,,,,,,0.322
Erik Miller,BOS,18.2,85,20.00%,0.48,0.287,,,,,,,,,,,,,,,,,,,,,0.265
Wyatt Olds,BOS,15.1,67,17.90%,1.17,0.297,,,,,,,,,,,,,,,,,,,,,0.333
Jake Bennett,BOS,26.2,108,13.90%,0.68,0.279,,,,,,,,,,,,,,,,,,,,,0.353
Payton Tolle,BOS,24.1,99,28.30%,0.74,0.333,,,,,,,,,,,,,,,,,,,,,0.441
Caleb Thielbar,CHC,22.1,93,21.50%,1.61,0.341,,,,,,,,,,,,,,,,,,,,,0.465
Colin Rea,CHC,25,99,14.10%,1.08,0.26,,,,,,,,,,,,,,,,,,,,,0.333
Clay Holmes,CHC,20.1,81,9.90%,0.44,0.254,,,,,,,,,,,,,,,,,,,,,0.282
Kevin Gausman,CHC,20.2,81,23.50%,0.87,0.27,,,,,,,,,,,,,,,,,,,,,0.338
Matthew Boyd,CHC,30.1,117,8.50%,1.19,0.256,,,,,,,,,,,,,,,,,,,,,0.311
Trent Thornton,CHC,19.1,86,12.80%,1.86,0.369,,,,,,,,,,,,,,,,,,,,,0.494
Jacob Webb,CHC,25.2,107,15.00%,1.4,0.302,,,,,,,,,,,,,,,,,,,,,0.385
Aaron Civale,CHC,31.1,129,13.20%,0.57,0.258,,,,,,,,,,,,,,,,,,,,,0.298
David Peterson,CHC,27.2,112,16.10%,0.65,0.282,,,,,,,,,,,,,,,,,,,,,0.32
Javier Assad,CHC,22.2,90,6.70%,1.19,0.268,,,,,,,,,,,,,,,,,,,,,0.304
Ryan Rolison,CHC,27.2,113,7.10%,0.65,0.3,,,,,,,,,,,,,,,,,,,,,0.373
Ryan Zeferjahn,CHC,18,80,13.80%,1,0.328,,,,,,,,,,,,,,,,,,,,,0.406
Daniel Palencia,CHC,13,52,11.50%,1.38,0.284,,,,,,,,,,,,,,,,,,,,,0.37
Shota Imanaga,CHC,29,112,25.90%,1.55,0.271,,,,,,,,,,,,,,,,,,,,,0.383
Huascar Brazobán,CHW,14.1,60,1.70%,1.26,0.371,,,,,,,,,,,,,,,,,,,,,0.538
Luis Castillo,CHW,15.1,73,11.00%,4.11,0.437,,,,,,,,,,,,,,,,,,,,,0.672
Sean Newcomb,CHW,35.1,151,10.60%,0.76,0.318,,,,,,,,,,,,,,,,,,,,,0.362
Erick Fedde,CHW,26.1,114,7.90%,1.03,0.338,,,,,,,,,,,,,,,,,,,,,0.426
Trevor Richards,CHW,44.1,191,10.50%,1.02,0.307,,,,,,,,,,,,,,,,,,,,,0.426
Jordan Hicks,CHW,22.1,101,18.80%,1.21,0.304,,,,,,,,,,,,,,,,,,,,,0.36
Bryan Hudson,CHW,26.1,108,16.70%,1.37,0.333,,,,,,,,,,,,,,,,,,,,,0.462
Anthony Kay,CHW,29.2,126,16.70%,0.91,0.298,,,,,,,,,,,,,,,,,,,,,0.374
Davis Martin,CHW,21,94,6.40%,2.14,0.359,,,,,,,,,,,,,,,,,,,,,0.469
Chris Murphy,CHW,12,52,19.20%,1.5,0.357,,,,,,,,,,,,,,,,,,,,,0.511
Sean Burke,CHW,29,117,17.10%,0.31,0.267,,,,,,,,,,,,,,,,,,,,,0.305
David Sandlin,CHW,10,36,30.60%,0,0.179,,,,,,,,,,,,,,,,,,,,,0.25
Tyler Schweitzer,CHW,22.1,94,4.30%,1.21,0.338,,,,,,,,,,,,,,,,,,,,,0.435
Noah Schultz,CHW,16,61,27.90%,1.13,0.241,,,,,,,,,,,,,,,,,,,,,0.31
Grant Taylor,CHW,35.2,137,19.00%,0.76,0.255,,,,,,,,,,,,,,,,,,,,,0.285
Hagen Smith,CHW,27.2,109,22.90%,0.33,0.213,,,,,,,,,,,,,,,,,,,,,0.183
Foster Griffin,CLE,18.1,81,17.30%,1.47,0.352,,,,,,,,,,,,,,,,,,,,,0.459
Matt Festa,CLE,28.1,120,18.30%,0.32,0.298,,,,,,,,,,,,,,,,,,,,,0.346
Colin Holderman,CLE,17.1,84,2.40%,0,0.327,,,,,,,,,,,,,,,,,,,,,0.323
Joey Cantillo,CLE,24.2,114,15.80%,0.73,0.34,,,,,,,,,,,,,,,,,,,,,0.381
Erik Sabrowski,CLE,21,85,20.00%,0,0.207,,,,,,,,,,,,,,,,,,,,,0.157
Tim Herrin,CLE,24.1,101,17.80%,0.37,0.309,,,,,,,,,,,,,,,,,,,,,0.367
Daniel Espino,CLE,10.1,42,28.60%,1.74,0.27,,,,,,,,,,,,,,,,,,,,,0.342
Hunter Gaddis,CLE,29.2,122,12.30%,1.21,0.304,,,,,,,,,,,,,,,,,,,,,0.362
Slade Cecconi,CLE,16.1,68,16.20%,1.65,0.297,,,,,,,,,,,,,,,,,,,,,0.397
Cade Smith,CLE,29.2,114,28.10%,0.3,0.186,,,,,,,,,,,,,,,,,,,,,0.144
Gavin Williams,CLE,28.1,117,27.40%,1.27,0.296,,,,,,,,,,,,,,,,,,,,,0.371
Tanner Bibee,CLE,28.2,117,14.50%,1.26,0.295,,,,,,,,,,,,,,,,,,,,,0.393
Franco Aleman,CLE,14,72,19.40%,1.93,0.406,,,,,,,,,,,,,,,,,,,,,0.483
Parker Messick,CLE,29.2,117,26.50%,0.91,0.265,,,,,,,,,,,,,,,,,,,,,0.372
Steven Okert,HOU,21,84,22.60%,0.86,0.285,,,,,,,,,,,,,,,,,,,,,0.395
Josh Hader,HOU,29.1,107,21.50%,0,0.168,,,,,,,,,,,,,,,,,,,,,0.17
Bryan Abreu,HOU,31.2,126,19.80%,0.57,0.258,,,,,,,,,,,,,,,,,,,,,0.275
Cristian Javier,HOU,24.2,94,17.00%,0.73,0.217,,,,,,,,,,,,,,,,,,,,,0.253
Peter Lambert,HOU,29,125,20.00%,0.31,0.267,,,,,,,,,,,,,,,,,,,,,0.294
Enyel De Los Santos,HOU,27.2,122,13.90%,1.95,0.362,,,,,,,,,,,,,,,,,,,,,0.523
Ronel Blanco,HOU,17.1,70,15.70%,1.56,0.292,,,,,,,,,,,,,,,,,,,,,0.339
Bennett Sousa,HOU,26.2,124,12.10%,1.69,0.372,,,,,,,,,,,,,,,,,,,,,0.477
Hunter Brown,HOU,29,117,20.50%,0.62,0.247,,,,,,,,,,,,,,,,,,,,,0.257
Bryan King,HOU,17.1,93,10.80%,2.6,0.43,,,,,,,,,,,,,,,,,,,,,0.59
Hayden Wesneski,HOU,25,99,14.10%,0,0.279,,,,,,,,,,,,,,,,,,,,,0.326
Miguel Ullola,HOU,12.1,47,8.50%,1.46,0.265,,,,,,,,,,,,,,,,,,,,,0.325
AJ Blubaugh,HOU,35.2,145,15.20%,1.51,0.323,,,,,,,,,,,,,,,,,,,,,0.447
Ethan Pecko,HOU,18.2,72,13.90%,1.45,0.235,,,,,,,,,,,,,,,,,,,,,0.303
Tatsuya Imai,HOU,17.2,74,10.80%,0,0.224,,,,,,,,,,,,,,,,,,,,,0.138
Blake Snell,LAD,16.2,66,25.80%,0,0.218,,,,,,,,,,,,,,,,,,,,,0.19
Tyler Glasnow,LAD,13.1,54,29.60%,1.35,0.274,,,,,,,,,,,,,,,,,,,,,0.375
Edwin Díaz,LAD,12.2,63,19.00%,1.42,0.402,,,,,,,,,,,,,,,,,,,,,0.556
Brock Stewart,LAD,17,64,15.60%,0.53,0.248,,,,,,,,,,,,,,,,,,,,,0.322
Tanner Scott,LAD,25,107,20.60%,0,0.283,,,,,,,,,,,,,,,,,,,,,0.354
Evan Phillips,LAD,23,93,24.70%,1.57,0.282,,,,,,,,,,,,,,,,,,,,,0.417
Eric Lauer,LAD,13.1,63,14.30%,3.38,0.41,,,,,,,,,,,,,,,,,,,,,0.607
Tarik Skubal,LAD,22.2,90,24.40%,0.4,0.282,,,,,,,,,,,,,,,,,,,,,0.337
Alex Vesia,LAD,26.1,104,16.30%,1.37,0.255,,,,,,,,,,,,,,,,,,,,,0.33
Edgardo Henriquez,LAD,20.2,89,27.00%,0,0.261,,,,,,,,,,,,,,,,,,,,,0.224
Kyle Hurt,LAD,14.1,63,20.60%,1.26,0.279,,,,,,,,,,,,,,,,,,,,,0.357
Emmet Sheehan,LAD,13.1,54,29.60%,0.68,0.276,,,,,,,,,,,,,,,,,,,,,0.347
Jack Dreyer,LAD,26,109,14.70%,0.35,0.272,,,,,,,,,,,,,,,,,,,,,0.287
Justin Wrobleski,LAD,21.2,98,17.30%,2.49,0.371,,,,,,,,,,,,,,,,,,,,,0.529
Seth Halvorsen,LAD,10,45,8.90%,2.7,0.367,,,,,,,,,,,,,,,,,,,,,0.537
Yoshinobu Yamamoto,LAD,27.1,99,23.20%,0.66,0.19,,,,,,,,,,,,,,,,,,,,,0.2
Roki Sasaki,LAD,19,74,25.70%,1.42,0.271,,,,,,,,,,,,,,,,,,,,,0.377
Antonio Senzatela,MIL,20.2,91,5.50%,0.87,0.338,,,,,,,,,,,,,,,,,,,,,0.413
Trevor Megill,MIL,25.2,97,18.60%,0.35,0.183,,,,,,,,,,,,,,,,,,,,,0.222
JoJo Romero,MIL,13.1,52,17.30%,1.35,0.274,,,,,,,,,,,,,,,,,,,,,0.38
Dustin May,MIL,19.1,82,18.30%,1.4,0.342,,,,,,,,,,,,,,,,,,,,,0.432
Bryse Wilson,MIL,18,77,22.10%,1.5,0.35,,,,,,,,,,,,,,,,,,,,,0.487
Grant Anderson,MIL,16.1,66,21.20%,1.65,0.263,,,,,,,,,,,,,,,,,,,,,0.35
DL Hall,MIL,30,114,17.50%,1.2,0.237,,,,,,,,,,,,,,,,,,,,,0.277
Aaron Ashby,MIL,33.2,138,21.00%,0.8,0.253,,,,,,,,,,,,,,,,,,,,,0.286
Abner Uribe,MIL,20.2,82,28.00%,0,0.237,,,,,,,,,,,,,,,,,,,,,0.25
Kyle Harrison,MIL,16,83,13.30%,1.13,0.424,,,,,,,,,,,,,,,,,,,,,0.547
Shane Drohan,MIL,27.1,113,17.70%,0.66,0.302,,,,,,,,,,,,,,,,,,,,,0.35
Robert Gasser,MIL,27.2,108,26.90%,0.33,0.23,,,,,,,,,,,,,,,,,,,,,0.272
Chad Patrick,MIL,32.2,142,9.20%,0.83,0.3,,,,,,,,,,,,,,,,,,,,,0.322
Logan Henderson,MIL,29,108,28.70%,1.24,0.268,,,,,,,,,,,,,,,,,,,,,0.373
Jacob Misiorowski,MIL,28.2,108,38.90%,0.63,0.219,,,,,,,,,,,,,,,,,,,,,0.265
Fernando Cruz,NYY,14.2,67,10.40%,3.07,0.4,,,,,,,,,,,,,,,,,,,,,0.596
Gerrit Cole,NYY,31,117,27.40%,1.74,0.257,,,,,,,,,,,,,,,,,,,,,0.369
Michael Fulmer,NYY,10,46,17.40%,1.8,0.363,,,,,,,,,,,,,,,,,,,,,0.487
Max Fried,NYY,22,90,18.90%,1.23,0.314,,,,,,,,,,,,,,,,,,,,,0.42
Paul Blackburn,NYY,36.1,143,9.80%,0.74,0.256,,,,,,,,,,,,,,,,,,,,,0.28
Carlos Rodón,NYY,16,63,17.50%,0.56,0.215,,,,,,,,,,,,,,,,,,,,,0.214
Ryan Yarbrough,NYY,22.2,92,16.30%,0,0.261,,,,,,,,,,,,,,,,,,,,,0.31
Tim Hill,NYY,22.2,93,2.20%,1.99,0.332,,,,,,,,,,,,,,,,,,,,,0.44
David Bednar,NYY,29.1,115,20.00%,0.61,0.232,,,,,,,,,,,,,,,,,,,,,0.288
John Schreiber,NYY,11,43,0.00%,0,0.245,,,,,,,,,,,,,,,,,,,,,0.282
Yerry De los Santos,NYY,12,51,11.80%,2.25,0.307,,,,,,,,,,,,,,,,,,,,,0.426
Ryan Weathers,NYY,15.2,63,19.00%,0,0.252,,,,,,,,,,,,,,,,,,,,,0.293
Brent Headrick,NYY,32,134,26.10%,0.84,0.317,,,,,,,,,,,,,,,,,,,,,0.434
Will Warren,NYY,26.1,111,21.60%,1.37,0.317,,,,,,,,,,,,,,,,,,,,,0.418
Cam Schlittler,NYY,31.1,117,28.20%,0.57,0.196,,,,,,,,,,,,,,,,,,,,,0.204
Brooks Raley,PHI,11.1,54,11.10%,3.18,0.451,,,,,,,,,,,,,,,,,,,,,0.653
Zack Wheeler,PHI,28.1,115,29.60%,1.91,0.308,,,,,,,,,,,,,,,,,,,,,0.444
Tim Mayza,PHI,24.2,98,13.30%,1.09,0.307,,,,,,,,,,,,,,,,,,,,,0.404
Aaron Nola,PHI,31.2,124,24.20%,3.41,0.34,,,,,,,,,,,,,,,,,,,,,0.547
José Alvarado,PHI,25.1,112,5.40%,0.71,0.314,,,,,,,,,,,,,,,,,,,,,0.323
Jesús Luzardo,PHI,25.1,93,33.30%,0.71,0.182,,,,,,,,,,,,,,,,,,,,,0.224
Cristopher Sánchez,PHI,27.1,117,24.80%,0.33,0.295,,,,,,,,,,,,,,,,,,,,,0.349
Jhoan Duran,PHI,26.2,110,27.30%,0.34,0.264,,,,,,,,,,,,,,,,,,,,,0.301
Chase Shugart,PHI,24.2,98,16.30%,1.09,0.262,,,,,,,,,,,,,,,,,,,,,0.345
Jonathan Bowlan,PHI,25.2,104,26.00%,2.1,0.291,,,,,,,,,,,,,,,,,,,,,0.404
Andrew Painter,PHI,22,99,13.10%,1.64,0.352,,,,,,,,,,,,,,,,,,,,,0.44
Alex McFarlane,PHI,19,79,16.50%,0.95,0.273,,,,,,,,,,,,,,,,,,,,,0.324
Orion Kerkering,PHI,20.2,109,7.30%,0.87,0.382,,,,,,,,,,,,,,,,,,,,,0.456
Robbie Ray,SDP,17.2,81,-1.20%,1.02,0.352,,,,,,,,,,,,,,,,,,,,,0.385
Wandy Peralta,SDP,29,123,12.20%,1.24,0.372,,,,,,,,,,,,,,,,,,,,,0.53
Nick Pivetta,SDP,10,36,33.30%,1.8,0.218,,,,,,,,,,,,,,,,,,,,,0.343
Walker Buehler,SDP,28.2,117,7.70%,0.63,0.297,,,,,,,,,,,,,,,,,,,,,0.337
Kyle Hart,SDP,29,126,11.90%,0.31,0.296,,,,,,,,,,,,,,,,,,,,,0.327
Michael King,SDP,27.1,117,19.70%,2.3,0.375,,,,,,,,,,,,,,,,,,,,,0.528
Griffin Canning,SDP,26,116,18.10%,1.73,0.363,,,,,,,,,,,,,,,,,,,,,0.476
Adrian Morejon,SDP,36,148,22.30%,0.25,0.222,,,,,,,,,,,,,,,,,,,,,0.219
Casey Mize,SDP,19,90,5.60%,3.79,0.472,,,,,,,,,,,,,,,,,,,,,0.741
Jeremiah Estrada,SDP,10.1,44,20.50%,0,0.245,,,,,,,,,,,,,,,,,,,,,0.211
Randy Vásquez,SDP,31.1,123,8.10%,0.57,0.261,,,,,,,,,,,,,,,,,,,,,0.333
Bradgley Rodriguez,SDP,33.2,134,28.40%,1.07,0.279,,,,,,,,,,,,,,,,,,,,,0.391
David Morgan,SDP,11.1,57,7.00%,0,0.305,,,,,,,,,,,,,,,,,,,,,0.302
Mason Miller,SDP,30.1,123,35.80%,0.89,0.251,,,,,,,,,,,,,,,,,,,,,0.284
Yuki Matsui,SDP,30.2,118,15.30%,0.59,0.213,,,,,,,,,,,,,,,,,,,,,0.204
Nick Martinez,TBR,31,117,16.20%,1.16,0.256,,,,,,,,,,,,,,,,,,,,,0.374
Steven Matz,TBR,27.1,112,12.50%,1.32,0.255,,,,,,,,,,,,,,,,,,,,,0.346
Cole Sulser,TBR,15.2,59,15.30%,0.57,0.204,,,,,,,,,,,,,,,,,,,,,0.278
Cam Booser,TBR,24,89,22.50%,0.75,0.214,,,,,,,,,,,,,,,,,,,,,0.291
Garrett Cleavinger,TBR,13.2,64,9.40%,1.98,0.362,,,,,,,,,,,,,,,,,,,,,0.453
Freddy Peralta,TBR,22.1,90,14.40%,0.81,0.31,,,,,,,,,,,,,,,,,,,,,0.383
Bryan Baker,TBR,26,104,10.60%,0.69,0.256,,,,,,,,,,,,,,,,,,,,,0.297
Tyler Wells,TBR,18,66,21.20%,1,0.205,,,,,,,,,,,,,,,,,,,,,0.259
Griffin Jax,TBR,20.2,81,25.90%,0,0.225,,,,,,,,,,,,,,,,,,,,,0.276
Shane McClanahan,TBR,17,63,15.90%,0.53,0.202,,,,,,,,,,,,,,,,,,,,,0.237
Drew Rasmussen,TBR,29.1,108,21.30%,0,0.191,,,,,,,,,,,,,,,,,,,,,0.18
Kevin Kelly,TBR,29.1,111,25.20%,0.61,0.24,,,,,,,,,,,,,,,,,,,,,0.33
Casey Legumina,TBR,30.2,132,13.60%,0.88,0.308,,,,,,,,,,,,,,,,,,,,,0.387
Ian Seymour,TBR,27.2,118,26.30%,1.95,0.337,,,,,,,,,,,,,,,,,,,,,0.486
Chris Roycroft,TBR,12,57,7.00%,1.5,0.382,,,,,,,,,,,,,,,,,,,,,0.51